"State Code","State Name (In English)","District Code","District Name (In English)","Development Block Code","Development Block Name (In English)","Village Code","Village Name (In English)"
"35","Andaman And Nicobar Islands","603","Nicobars","6498","Campbell Bay","645196","7 Km Farm"
"35","Andaman And Nicobar Islands","603","Nicobars","6498","Campbell Bay","645166","Afra Bay"
"35","Andaman And Nicobar Islands","603","Nicobars","6498","Campbell Bay","645144","Akupa"
"35","Andaman And Nicobar Islands","603","Nicobars","6498","Campbell Bay","645168","Alexandera River"
"35","Andaman And Nicobar Islands","603","Nicobars","6498","Campbell Bay","645142","Anul/Anula"
"35","Andaman And Nicobar Islands","603","Nicobars","6498","Campbell Bay","645169","Ayouk"
"35","Andaman And Nicobar Islands","603","Nicobars","6498","Campbell Bay","645162","Bahua"
"35","Andaman And Nicobar Islands","603","Nicobars","6498","Campbell Bay","645148","Bewai/Kuwak"
"35","Andaman And Nicobar Islands","603","Nicobars","6498","Campbell Bay","645200","Campbell Bay"
"35","Andaman And Nicobar Islands","603","Nicobars","6498","Campbell Bay","645204","Chaw Nallaha"
"35","Andaman And Nicobar Islands","603","Nicobars","6498","Campbell Bay","645189","Chingen (Incl.Fc At Magar Nalla"
"35","Andaman And Nicobar Islands","603","Nicobars","6498","Campbell Bay","645167","Dairkurat"
"35","Andaman And Nicobar Islands","603","Nicobars","6498","Campbell Bay","645184","Dakhiyon (Fc)"
"35","Andaman And Nicobar Islands","603","Nicobars","6498","Campbell Bay","645179","Danlet"
"35","Andaman And Nicobar Islands","603","Nicobars","6498","Campbell Bay","645174","Dogmar River"
"35","Andaman And Nicobar Islands","603","Nicobars","6498","Campbell Bay","645159","Elahi/Ilhoya"
"35","Andaman And Nicobar Islands","603","Nicobars","6498","Campbell Bay","645190","Galathia River (Fc)"
"35","Andaman And Nicobar Islands","603","Nicobars","6498","Campbell Bay","645192","Gandhi Nagar"
"35","Andaman And Nicobar Islands","603","Nicobars","6498","Campbell Bay","645205","Gol Tikrey"
"35","Andaman And Nicobar Islands","603","Nicobars","6498","Campbell Bay","645199","Govinda Nagar"
"35","Andaman And Nicobar Islands","603","Nicobars","6498","Campbell Bay","645182","Hin-Pou-Chi"
"35","Andaman And Nicobar Islands","603","Nicobars","6498","Campbell Bay","645151","Hoin Incl. Ikuia"
"35","Andaman And Nicobar Islands","603","Nicobars","6498","Campbell Bay","645154","Hokesiang"
"35","Andaman And Nicobar Islands","603","Nicobars","6498","Campbell Bay","645188","Indira Point"
"35","Andaman And Nicobar Islands","603","Nicobars","6498","Campbell Bay","645186","In-Hig-Loi"
"35","Andaman And Nicobar Islands","603","Nicobars","6498","Campbell Bay","645145","Inlock/Infock"
"35","Andaman And Nicobar Islands","603","Nicobars","6498","Campbell Bay","645157","Inlock/Pattia"
"35","Andaman And Nicobar Islands","603","Nicobars","6498","Campbell Bay","645160","Inod"
"35","Andaman And Nicobar Islands","603","Nicobars","6498","Campbell Bay","645195","Joginder Nagar"
"35","Andaman And Nicobar Islands","603","Nicobars","6498","Campbell Bay","645177","Kasintung"
"35","Andaman And Nicobar Islands","603","Nicobars","6498","Campbell Bay","645165","Katahu"
"35","Andaman And Nicobar Islands","603","Nicobars","6498","Campbell Bay","645149","Kiyang"
"35","Andaman And Nicobar Islands","603","Nicobars","6498","Campbell Bay","645178","Koe"
"35","Andaman And Nicobar Islands","603","Nicobars","6498","Campbell Bay","645183","Kokeon"
"35","Andaman And Nicobar Islands","603","Nicobars","6498","Campbell Bay","645175","Kopenheat"
"35","Andaman And Nicobar Islands","603","Nicobars","6498","Campbell Bay","645210","Lanaya"
"35","Andaman And Nicobar Islands","603","Nicobars","6498","Campbell Bay","645207","Lawful"
"35","Andaman And Nicobar Islands","603","Nicobars","6498","Campbell Bay","645193","Laxmi Nagar"
"35","Andaman And Nicobar Islands","603","Nicobars","6498","Campbell Bay","645143","Makhahu/Makachua"
"35","Andaman And Nicobar Islands","603","Nicobars","6498","Campbell Bay","645141","Minlana/Minlan"
"35","Andaman And Nicobar Islands","603","Nicobars","6498","Campbell Bay","645206","Navy Dera"
"35","Andaman And Nicobar Islands","603","Nicobars","6498","Campbell Bay","645202","Not Yet Named"
"35","Andaman And Nicobar Islands","603","Nicobars","6498","Campbell Bay","645203","Not Yet Named"
"35","Andaman And Nicobar Islands","603","Nicobars","6498","Campbell Bay","645197","Not Yet Named (At 27.9 Km)-A"
"35","Andaman And Nicobar Islands","603","Nicobars","6498","Campbell Bay","645156","Olinchi/Bombay"
"35","Andaman And Nicobar Islands","603","Nicobars","6498","Campbell Bay","645181","Patatiya"
"35","Andaman And Nicobar Islands","603","Nicobars","6498","Campbell Bay","645209","Patisang"
"35","Andaman And Nicobar Islands","603","Nicobars","6498","Campbell Bay","645155","Pattia (Pulopattia)"
"35","Andaman And Nicobar Islands","603","Nicobars","6498","Campbell Bay","645152","Pea"
"35","Andaman And Nicobar Islands","603","Nicobars","6498","Campbell Bay","645161","Pehayo"
"35","Andaman And Nicobar Islands","603","Nicobars","6498","Campbell Bay","645211","Pitayo"
"35","Andaman And Nicobar Islands","603","Nicobars","6498","Campbell Bay","645150","Pulloullo/Puloulo"
"35","Andaman And Nicobar Islands","603","Nicobars","6498","Campbell Bay","645187","Pulobaha"
"35","Andaman And Nicobar Islands","603","Nicobars","6498","Campbell Bay","645147","Pulobaha/Pathathifen"
"35","Andaman And Nicobar Islands","603","Nicobars","6498","Campbell Bay","645170","Pulobed"
"35","Andaman And Nicobar Islands","603","Nicobars","6498","Campbell Bay","645164","Pulobed/Lababu"
"35","Andaman And Nicobar Islands","603","Nicobars","6498","Campbell Bay","645180","Pulobhabi"
"35","Andaman And Nicobar Islands","603","Nicobars","6498","Campbell Bay","645153","Pulobha/Pulobahan"
"35","Andaman And Nicobar Islands","603","Nicobars","6498","Campbell Bay","645171","Pulokunji"
"35","Andaman And Nicobar Islands","603","Nicobars","6498","Campbell Bay","645140","Pulomilo"
"35","Andaman And Nicobar Islands","603","Nicobars","6498","Campbell Bay","645158","Pulopanja"
"35","Andaman And Nicobar Islands","603","Nicobars","6498","Campbell Bay","645185","Pulopucca"
"35","Andaman And Nicobar Islands","603","Nicobars","6498","Campbell Bay","645146","Pulotalia/Pulotohio"
"35","Andaman And Nicobar Islands","603","Nicobars","6498","Campbell Bay","645201","Ranganathan Bay"
"35","Andaman And Nicobar Islands","603","Nicobars","6498","Campbell Bay","645173","Renguang"
"35","Andaman And Nicobar Islands","603","Nicobars","6498","Campbell Bay","645191","Sastri Nagar"
"35","Andaman And Nicobar Islands","603","Nicobars","6498","Campbell Bay","645198","Shompen Hut"
"35","Andaman And Nicobar Islands","603","Nicobars","6498","Campbell Bay","645172","Shompen Village-A"
"35","Andaman And Nicobar Islands","603","Nicobars","6498","Campbell Bay","645176","Shompen Village-B"
"35","Andaman And Nicobar Islands","603","Nicobars","6498","Campbell Bay","645208","Trinket Bay"
"35","Andaman And Nicobar Islands","603","Nicobars","6498","Campbell Bay","645194","Vijoy Nagar"
"35","Andaman And Nicobar Islands","603","Nicobars","6499","Car Nicobar","645015","Arong"
"35","Andaman And Nicobar Islands","603","Nicobars","6499","Car Nicobar","645025","Big Lapati"
"35","Andaman And Nicobar Islands","603","Nicobars","6499","Car Nicobar","645023","Chuckchucha"
"35","Andaman And Nicobar Islands","603","Nicobars","6499","Car Nicobar","645018","Iaf Camp"
"35","Andaman And Nicobar Islands","603","Nicobars","6499","Car Nicobar","645131","Kakana"
"35","Andaman And Nicobar Islands","603","Nicobars","6499","Car Nicobar","645016","Kimois"
"35","Andaman And Nicobar Islands","603","Nicobars","6499","Car Nicobar","645027","Kinmai"
"35","Andaman And Nicobar Islands","603","Nicobars","6499","Car Nicobar","645022","Kinyuka"
"35","Andaman And Nicobar Islands","603","Nicobars","6499","Car Nicobar","645163","Kondul"
"35","Andaman And Nicobar Islands","603","Nicobars","6499","Car Nicobar","645019","Malacca"
"35","Andaman And Nicobar Islands","603","Nicobars","6499","Car Nicobar","645095","Malacca*"
"35","Andaman And Nicobar Islands","603","Nicobars","6499","Car Nicobar","645012","Mus"
"35","Andaman And Nicobar Islands","603","Nicobars","6499","Car Nicobar","645088","Mus*"
"35","Andaman And Nicobar Islands","603","Nicobars","6499","Car Nicobar","645020","Perka"
"35","Andaman And Nicobar Islands","603","Nicobars","6499","Car Nicobar","645014","Sawai"
"35","Andaman And Nicobar Islands","603","Nicobars","6499","Car Nicobar","645026","Small Lapati"
"35","Andaman And Nicobar Islands","603","Nicobars","6499","Car Nicobar","645021","Tamaloo"
"35","Andaman And Nicobar Islands","603","Nicobars","6499","Car Nicobar","645024","Tapoiming"
"35","Andaman And Nicobar Islands","603","Nicobars","6499","Car Nicobar","645013","Teetop"
"35","Andaman And Nicobar Islands","603","Nicobars","6500","Nancowrie","645030","Alhiat"
"35","Andaman And Nicobar Islands","603","Nicobars","6500","Nancowrie","645053","Alhitoth/Alhiloth*"
"35","Andaman And Nicobar Islands","603","Nicobars","6500","Nancowrie","645094","Al-Hit-Touch/Balu Basti"
"35","Andaman And Nicobar Islands","603","Nicobars","6500","Nancowrie","645085","Alipa/Alips*"
"35","Andaman And Nicobar Islands","603","Nicobars","6500","Nancowrie","645052","Alkaipoh/Alkripoh*"
"35","Andaman And Nicobar Islands","603","Nicobars","6500","Nancowrie","645115","Alointung*"
"35","Andaman And Nicobar Islands","603","Nicobars","6500","Nancowrie","645035","Aloora*"
"35","Andaman And Nicobar Islands","603","Nicobars","6500","Nancowrie","645034","Aloorang"
"35","Andaman And Nicobar Islands","603","Nicobars","6500","Nancowrie","645117","Alpintu/Alpintung*"
"35","Andaman And Nicobar Islands","603","Nicobars","6500","Nancowrie","645101","Alreak*"
"35","Andaman And Nicobar Islands","603","Nicobars","6500","Nancowrie","645076","Alsama*"
"35","Andaman And Nicobar Islands","603","Nicobars","6500","Nancowrie","645074","Altaful*"
"35","Andaman And Nicobar Islands","603","Nicobars","6500","Nancowrie","645093","Altheak"
"35","Andaman And Nicobar Islands","603","Nicobars","6500","Nancowrie","645121","Alukian/Alhukheck"
"35","Andaman And Nicobar Islands","603","Nicobars","6500","Nancowrie","645066","Atkuna/Alkun*"
"35","Andaman And Nicobar Islands","603","Nicobars","6500","Nancowrie","645116","Banderkari/Pulu"
"35","Andaman And Nicobar Islands","603","Nicobars","6500","Nancowrie","645044","Bengali"
"35","Andaman And Nicobar Islands","603","Nicobars","6500","Nancowrie","645129","Berainak/Badnak"
"35","Andaman And Nicobar Islands","603","Nicobars","6500","Nancowrie","645045","Bompoka Island*"
"35","Andaman And Nicobar Islands","603","Nicobars","6500","Nancowrie","645109","Bumpal*"
"35","Andaman And Nicobar Islands","603","Nicobars","6500","Nancowrie","645096","Champin"
"35","Andaman And Nicobar Islands","603","Nicobars","6500","Nancowrie","645113","Chanel/Chanol*"
"35","Andaman And Nicobar Islands","603","Nicobars","6500","Nancowrie","645119","Changua/Changup"
"35","Andaman And Nicobar Islands","603","Nicobars","6500","Nancowrie","645065","Chengtamilan*"
"35","Andaman And Nicobar Islands","603","Nicobars","6500","Nancowrie","645050","Chonghipoh*"
"35","Andaman And Nicobar Islands","603","Nicobars","6500","Nancowrie","645029","Chongkamong"
"35","Andaman And Nicobar Islands","603","Nicobars","6500","Nancowrie","645059","Chonsiyala*"
"35","Andaman And Nicobar Islands","603","Nicobars","6500","Nancowrie","645128","Chota Inak"
"35","Andaman And Nicobar Islands","603","Nicobars","6500","Nancowrie","645039","Chukmachi"
"35","Andaman And Nicobar Islands","603","Nicobars","6500","Nancowrie","645111","Daring"
"35","Andaman And Nicobar Islands","603","Nicobars","6500","Nancowrie","645036","Enam"
"35","Andaman And Nicobar Islands","603","Nicobars","6500","Nancowrie","645083","E-Wall"
"35","Andaman And Nicobar Islands","603","Nicobars","6500","Nancowrie","645069","Hakonhala*"
"35","Andaman And Nicobar Islands","603","Nicobars","6500","Nancowrie","645073","Halnatai/Hoinatai*"
"35","Andaman And Nicobar Islands","603","Nicobars","6500","Nancowrie","645087","Hindra*"
"35","Andaman And Nicobar Islands","603","Nicobars","6500","Nancowrie","645097","Hinnunga*"
"35","Andaman And Nicobar Islands","603","Nicobars","6500","Nancowrie","645102","Hintona*"
"35","Andaman And Nicobar Islands","603","Nicobars","6500","Nancowrie","645048","Hitlat*"
"35","Andaman And Nicobar Islands","603","Nicobars","6500","Nancowrie","645136","Hockook*"
"35","Andaman And Nicobar Islands","603","Nicobars","6500","Nancowrie","645063","Hoipoh*"
"35","Andaman And Nicobar Islands","603","Nicobars","6500","Nancowrie","645060","Hontona*"
"35","Andaman And Nicobar Islands","603","Nicobars","6500","Nancowrie","645057","Hutnyak*"
"35","Andaman And Nicobar Islands","603","Nicobars","6500","Nancowrie","645123","Inmae*"
"35","Andaman And Nicobar Islands","603","Nicobars","6500","Nancowrie","645099","Inroak/Chinlak*"
"35","Andaman And Nicobar Islands","603","Nicobars","6500","Nancowrie","645100","Itoi*(Hitui)"
"35","Andaman And Nicobar Islands","603","Nicobars","6500","Nancowrie","645047","Jansin*"
"35","Andaman And Nicobar Islands","603","Nicobars","6500","Nancowrie","645082","Japan Tikri"
"35","Andaman And Nicobar Islands","603","Nicobars","6500","Nancowrie","645046","Jhoola*"
"35","Andaman And Nicobar Islands","603","Nicobars","6500","Nancowrie","645017","Kakana"
"35","Andaman And Nicobar Islands","603","Nicobars","6500","Nancowrie","645038","Kalara*"
"35","Andaman And Nicobar Islands","603","Nicobars","6500","Nancowrie","645043","Kalasi"
"35","Andaman And Nicobar Islands","603","Nicobars","6500","Nancowrie","645068","Kalminikum/Kalmenkam*"
"35","Andaman And Nicobar Islands","603","Nicobars","6500","Nancowrie","645127","Kamorta/Kalatapu(Incl.Sanuh)"
"35","Andaman And Nicobar Islands","603","Nicobars","6500","Nancowrie","645056","Kamriak*"
"35","Andaman And Nicobar Islands","603","Nicobars","6500","Nancowrie","645042","Kanahinot"
"35","Andaman And Nicobar Islands","603","Nicobars","6500","Nancowrie","645077","Kapanga*"
"35","Andaman And Nicobar Islands","603","Nicobars","6500","Nancowrie","645139","Kapila*"
"35","Andaman And Nicobar Islands","603","Nicobars","6500","Nancowrie","645110","Karan/Karav*"
"35","Andaman And Nicobar Islands","603","Nicobars","6500","Nancowrie","645054","Katahuwa*"
"35","Andaman And Nicobar Islands","603","Nicobars","6500","Nancowrie","645075","Kavatinpeu/Karahinpoh*"
"35","Andaman And Nicobar Islands","603","Nicobars","6500","Nancowrie","645122","Knot"
"35","Andaman And Nicobar Islands","603","Nicobars","6500","Nancowrie","645134","Kuikua*"
"35","Andaman And Nicobar Islands","603","Nicobars","6500","Nancowrie","645031","Kuitasuk"
"35","Andaman And Nicobar Islands","603","Nicobars","6500","Nancowrie","645061","Kulatapangia*"
"35","Andaman And Nicobar Islands","603","Nicobars","6500","Nancowrie","645055","Kumikia*"
"35","Andaman And Nicobar Islands","603","Nicobars","6500","Nancowrie","645078","Kupinga*"
"35","Andaman And Nicobar Islands","603","Nicobars","6500","Nancowrie","645092","Lanuanga*"
"35","Andaman And Nicobar Islands","603","Nicobars","6500","Nancowrie","645086","Lapat*"
"35","Andaman And Nicobar Islands","603","Nicobars","6500","Nancowrie","645037","Luxi"
"35","Andaman And Nicobar Islands","603","Nicobars","6500","Nancowrie","645106","Manjula*"
"35","Andaman And Nicobar Islands","603","Nicobars","6500","Nancowrie","645064","Mapayala*"
"35","Andaman And Nicobar Islands","603","Nicobars","6500","Nancowrie","645112","Maru*"
"35","Andaman And Nicobar Islands","603","Nicobars","6500","Nancowrie","645120","Masala Tapu*"
"35","Andaman And Nicobar Islands","603","Nicobars","6500","Nancowrie","645049","Mavatapis/Maratapia*"
"35","Andaman And Nicobar Islands","603","Nicobars","6500","Nancowrie","645081","Meenakshi Ram Nagar"
"35","Andaman And Nicobar Islands","603","Nicobars","6500","Nancowrie","645079","Mildera"
"35","Andaman And Nicobar Islands","603","Nicobars","6500","Nancowrie","645041","Minyuk"
"35","Andaman And Nicobar Islands","603","Nicobars","6500","Nancowrie","645133","Mohreak/Kohreakap*"
"35","Andaman And Nicobar Islands","603","Nicobars","6500","Nancowrie","645125","Munak Incl. Ponioo/Moul"
"35","Andaman And Nicobar Islands","603","Nicobars","6500","Nancowrie","645090","Neang*"
"35","Andaman And Nicobar Islands","603","Nicobars","6500","Nancowrie","645105","Neeche Tapu*"
"35","Andaman And Nicobar Islands","603","Nicobars","6500","Nancowrie","645132","Nyicalang*"
"35","Andaman And Nicobar Islands","603","Nicobars","6500","Nancowrie","645107","Okiya/Chiya*"
"35","Andaman And Nicobar Islands","603","Nicobars","6500","Nancowrie","645108","Olinpon/Alhinpon*"
"35","Andaman And Nicobar Islands","603","Nicobars","6500","Nancowrie","645058","Ongulongho*"
"35","Andaman And Nicobar Islands","603","Nicobars","6500","Nancowrie","645089","Payak*"
"35","Andaman And Nicobar Islands","603","Nicobars","6500","Nancowrie","645124","Payuha"
"35","Andaman And Nicobar Islands","603","Nicobars","6500","Nancowrie","645104","Pilpilow"
"35","Andaman And Nicobar Islands","603","Nicobars","6500","Nancowrie","645032","Raihion"
"35","Andaman And Nicobar Islands","603","Nicobars","6500","Nancowrie","645126","Ramzoo*(Ramjaw)"
"35","Andaman And Nicobar Islands","603","Nicobars","6500","Nancowrie","645070","Reakomlong*"
"35","Andaman And Nicobar Islands","603","Nicobars","6500","Nancowrie","645040","Safedbalu*"
"35","Andaman And Nicobar Islands","603","Nicobars","6500","Nancowrie","645135","Safedbalu*"
"35","Andaman And Nicobar Islands","603","Nicobars","6500","Nancowrie","645051","Sanaya*"
"35","Andaman And Nicobar Islands","603","Nicobars","6500","Nancowrie","645071","Sonomkuwa*"
"35","Andaman And Nicobar Islands","603","Nicobars","6500","Nancowrie","645028","Tahaila"
"35","Andaman And Nicobar Islands","603","Nicobars","6500","Nancowrie","645114","Tanae*"
"35","Andaman And Nicobar Islands","603","Nicobars","6500","Nancowrie","645067","Tani*"
"35","Andaman And Nicobar Islands","603","Nicobars","6500","Nancowrie","645098","Tapani/Tapainy*"
"35","Andaman And Nicobar Islands","603","Nicobars","6500","Nancowrie","645138","Tapiang*"
"35","Andaman And Nicobar Islands","603","Nicobars","6500","Nancowrie","645091","Tapong Incl. Kabila"
"35","Andaman And Nicobar Islands","603","Nicobars","6500","Nancowrie","645072","Tavinkin/Tavakin*"
"35","Andaman And Nicobar Islands","603","Nicobars","6500","Nancowrie","645033","Tillang Chong Island*"
"35","Andaman And Nicobar Islands","603","Nicobars","6500","Nancowrie","645118","Tomae/Inmae*"
"35","Andaman And Nicobar Islands","603","Nicobars","6500","Nancowrie","645137","Trinket*"
"35","Andaman And Nicobar Islands","603","Nicobars","6500","Nancowrie","645103","Uper Tapu*"
"35","Andaman And Nicobar Islands","603","Nicobars","6500","Nancowrie","645080","Upper Katchal"
"35","Andaman And Nicobar Islands","603","Nicobars","6500","Nancowrie","645130","Vikas Nagar"
"35","Andaman And Nicobar Islands","603","Nicobars","6500","Nancowrie","645062","Vyavtapu*"
"35","Andaman And Nicobar Islands","603","Nicobars","6500","Nancowrie","645084","W.B.Katchal/Hindra*"
"35","Andaman And Nicobar Islands","632","North And Middle Andaman","6492","Diglipur","645280","Aam Tikry (Fdca)"
"35","Andaman And Nicobar Islands","632","North And Middle Andaman","6492","Diglipur","645227","Aerial Bay (Rv)"
"35","Andaman And Nicobar Islands","632","North And Middle Andaman","6492","Diglipur","645253","Amber Chad (Efa)"
"35","Andaman And Nicobar Islands","632","North And Middle Andaman","6492","Diglipur","645282","Austin Creek (Fdca)"
"35","Andaman And Nicobar Islands","632","North And Middle Andaman","6492","Diglipur","645287","Austin II (Efa)"
"35","Andaman And Nicobar Islands","632","North And Middle Andaman","6492","Diglipur","645285","Austin IX (Fc)"
"35","Andaman And Nicobar Islands","632","North And Middle Andaman","6492","Diglipur","645269","Bali Nallaha (Efa)"
"35","Andaman And Nicobar Islands","632","North And Middle Andaman","6492","Diglipur","645270","Bamboo Nallaha (Efa)"
"35","Andaman And Nicobar Islands","632","North And Middle Andaman","6492","Diglipur","645284","Bamboo Nallaha (Efa)"
"35","Andaman And Nicobar Islands","632","North And Middle Andaman","6492","Diglipur","645249","Bandhan Nallaha (Efa)"
"35","Andaman And Nicobar Islands","632","North And Middle Andaman","6492","Diglipur","645277","Bara Dabla (Efa)"
"35","Andaman And Nicobar Islands","632","North And Middle Andaman","6492","Diglipur","645267","Baskata Nallaha (Efa)"
"35","Andaman And Nicobar Islands","632","North And Middle Andaman","6492","Diglipur","645247","Beach Dera (Efa)"
"35","Andaman And Nicobar Islands","632","North And Middle Andaman","6492","Diglipur","645240","Borang (Rv)"
"35","Andaman And Nicobar Islands","632","North And Middle Andaman","6492","Diglipur","645258","Burmachad (Efa)"
"35","Andaman And Nicobar Islands","632","North And Middle Andaman","6492","Diglipur","645248","Coffe Dera (Efa)"
"35","Andaman And Nicobar Islands","632","North And Middle Andaman","6492","Diglipur","645290","Curlew Island (Fcpa)"
"35","Andaman And Nicobar Islands","632","North And Middle Andaman","6492","Diglipur","645217","Deshbandhugram (Rv)"
"35","Andaman And Nicobar Islands","632","North And Middle Andaman","6492","Diglipur","645223","Diglipur Part-Ii"
"35","Andaman And Nicobar Islands","632","North And Middle Andaman","6492","Diglipur","645228","Durgapur (Rv)"
"35","Andaman And Nicobar Islands","632","North And Middle Andaman","6492","Diglipur","645243","East Island (Police Post & Light House)"
"35","Andaman And Nicobar Islands","632","North And Middle Andaman","6492","Diglipur","645246","Elezabeth Bay (Efa)"
"35","Andaman And Nicobar Islands","632","North And Middle Andaman","6492","Diglipur","645255","Gandhi Nagar"
"35","Andaman And Nicobar Islands","632","North And Middle Andaman","6492","Diglipur","645256","Gandhi Nagar (Forest Beat)"
"35","Andaman And Nicobar Islands","632","North And Middle Andaman","6492","Diglipur","645252","Ganesh Nagar"
"35","Andaman And Nicobar Islands","632","North And Middle Andaman","6492","Diglipur","645281","Ganna Dabla (Efa)"
"35","Andaman And Nicobar Islands","632","North And Middle Andaman","6492","Diglipur","645272","Ganna Level (Efa)"
"35","Andaman And Nicobar Islands","632","North And Middle Andaman","6492","Diglipur","645259","Haran Nallaha (Efa)"
"35","Andaman And Nicobar Islands","632","North And Middle Andaman","6492","Diglipur","645286","Hara Tikry (Efa)"
"35","Andaman And Nicobar Islands","632","North And Middle Andaman","6492","Diglipur","645250","Haridas Kattai (Efa)"
"35","Andaman And Nicobar Islands","632","North And Middle Andaman","6492","Diglipur","645278","Hoari Bay (Efa)"
"35","Andaman And Nicobar Islands","632","North And Middle Andaman","6492","Diglipur","645238","Jagannath Dera (Rv)"
"35","Andaman And Nicobar Islands","632","North And Middle Andaman","6492","Diglipur","645237","Kalighat (Rv)"
"35","Andaman And Nicobar Islands","632","North And Middle Andaman","6492","Diglipur","645230","Kalipur (Rv)"
"35","Andaman And Nicobar Islands","632","North And Middle Andaman","6492","Diglipur","645245","Karen Basti (Efa)"
"35","Andaman And Nicobar Islands","632","North And Middle Andaman","6492","Diglipur","645226","Keralapuram (Rv)"
"35","Andaman And Nicobar Islands","632","North And Middle Andaman","6492","Diglipur","645264","Khudirampur (Efa)"
"35","Andaman And Nicobar Islands","632","North And Middle Andaman","6492","Diglipur","645231","Khudirampur (Rv)"
"35","Andaman And Nicobar Islands","632","North And Middle Andaman","6492","Diglipur","645234","Kishori Nagar (Rv)"
"35","Andaman And Nicobar Islands","632","North And Middle Andaman","6492","Diglipur","645219","Krishnapuri (Rv)"
"35","Andaman And Nicobar Islands","632","North And Middle Andaman","6492","Diglipur","645265","Lamiya Bay (Efa)"
"35","Andaman And Nicobar Islands","632","North And Middle Andaman","6492","Diglipur","645266","Lamiya Bay (Wls)"
"35","Andaman And Nicobar Islands","632","North And Middle Andaman","6492","Diglipur","645292","Land Fall Island (Police Post)"
"35","Andaman And Nicobar Islands","632","North And Middle Andaman","6492","Diglipur","645260","Laxmipur (Efa)"
"35","Andaman And Nicobar Islands","632","North And Middle Andaman","6492","Diglipur","645216","Laxmipur (Rv)"
"35","Andaman And Nicobar Islands","632","North And Middle Andaman","6492","Diglipur","645218","Madhupur (Rv)"
"35","Andaman And Nicobar Islands","632","North And Middle Andaman","6492","Diglipur","645235","Madhyamgram (Rv)"
"35","Andaman And Nicobar Islands","632","North And Middle Andaman","6492","Diglipur","645215","Milangram (Rv)"
"35","Andaman And Nicobar Islands","632","North And Middle Andaman","6492","Diglipur","645241","Mohanpur (Rv)"
"35","Andaman And Nicobar Islands","632","North And Middle Andaman","6492","Diglipur","645268","Mutha Nallaha (Efa)"
"35","Andaman And Nicobar Islands","632","North And Middle Andaman","6492","Diglipur","645232","Nabagram (Rv)"
"35","Andaman And Nicobar Islands","632","North And Middle Andaman","6492","Diglipur","645273","Narayan Tikri (Efa)"
"35","Andaman And Nicobar Islands","632","North And Middle Andaman","6492","Diglipur","645244","Narcondam Island (Police Post)"
"35","Andaman And Nicobar Islands","632","North And Middle Andaman","6492","Diglipur","645275","Narkul Danga (Efa)"
"35","Andaman And Nicobar Islands","632","North And Middle Andaman","6492","Diglipur","645236","Nischintapur (Rv)"
"35","Andaman And Nicobar Islands","632","North And Middle Andaman","6492","Diglipur","645233","Paranghara (Rv)"
"35","Andaman And Nicobar Islands","632","North And Middle Andaman","6492","Diglipur","645261","Paschimsagar (Efa)"
"35","Andaman And Nicobar Islands","632","North And Middle Andaman","6492","Diglipur","645276","Pathi Level (Efa)"
"35","Andaman And Nicobar Islands","632","North And Middle Andaman","6492","Diglipur","645274","Pemaiahdera (Fdca)"
"35","Andaman And Nicobar Islands","632","North And Middle Andaman","6492","Diglipur","645279","Pilone Nallaha (Fdca)"
"35","Andaman And Nicobar Islands","632","North And Middle Andaman","6492","Diglipur","645221","Rabindrapalli (Rv)"
"35","Andaman And Nicobar Islands","632","North And Middle Andaman","6492","Diglipur","645257","Radha Nagar (Efa)"
"35","Andaman And Nicobar Islands","632","North And Middle Andaman","6492","Diglipur","645213","Radha Nagar (Rv)"
"35","Andaman And Nicobar Islands","632","North And Middle Andaman","6492","Diglipur","645283","Rahil (Fdca)"
"35","Andaman And Nicobar Islands","632","North And Middle Andaman","6492","Diglipur","645224","Ramakrishnagram (Rv)"
"35","Andaman And Nicobar Islands","632","North And Middle Andaman","6492","Diglipur","645239","Ramnagar (Rv)"
"35","Andaman And Nicobar Islands","632","North And Middle Andaman","6492","Diglipur","645242","Sagar Dweep (Rv)"
"35","Andaman And Nicobar Islands","632","North And Middle Andaman","6492","Diglipur","645254","Santi Nagar"
"35","Andaman And Nicobar Islands","632","North And Middle Andaman","6492","Diglipur","645229","Shibpur (Rv)"
"35","Andaman And Nicobar Islands","632","North And Middle Andaman","6492","Diglipur","645251","Shyam Nagar"
"35","Andaman And Nicobar Islands","632","North And Middle Andaman","6492","Diglipur","645212","Shyam Nagar (Rv)"
"35","Andaman And Nicobar Islands","632","North And Middle Andaman","6492","Diglipur","645263","Sitanagar, (Efa)"
"35","Andaman And Nicobar Islands","632","North And Middle Andaman","6492","Diglipur","645220","Sitanagar (Rv)"
"35","Andaman And Nicobar Islands","632","North And Middle Andaman","6492","Diglipur","645288","Smith (Efa)"
"35","Andaman And Nicobar Islands","632","North And Middle Andaman","6492","Diglipur","645289","Smith (Timber Export Depot)"
"35","Andaman And Nicobar Islands","632","North And Middle Andaman","6492","Diglipur","645271","Srinagar (Efa)"
"35","Andaman And Nicobar Islands","632","North And Middle Andaman","6492","Diglipur","645291","Stewart Island"
"35","Andaman And Nicobar Islands","632","North And Middle Andaman","6492","Diglipur","645222","Subhashgram (Rv)"
"35","Andaman And Nicobar Islands","632","North And Middle Andaman","6492","Diglipur","645214","Swarajgram (Rv)"
"35","Andaman And Nicobar Islands","632","North And Middle Andaman","6492","Diglipur","645262","Tal Bagan (Efa)"
"35","Andaman And Nicobar Islands","632","North And Middle Andaman","6492","Diglipur","645225","Vidyasagarpalli (Rv)"
"35","Andaman And Nicobar Islands","632","North And Middle Andaman","6495","Mayabunder","645338","Asha Nagar (Efa)"
"35","Andaman And Nicobar Islands","632","North And Middle Andaman","6495","Mayabunder","645293","Aves Island (Rv)"
"35","Andaman And Nicobar Islands","632","North And Middle Andaman","6495","Mayabunder","645337","Bajato (Efa & 40 Acre Plot)"
"35","Andaman And Nicobar Islands","632","North And Middle Andaman","6495","Mayabunder","645324","Bamboo Nallaha (Efa)"
"35","Andaman And Nicobar Islands","632","North And Middle Andaman","6495","Mayabunder","645308","Basantipur (Rv)"
"35","Andaman And Nicobar Islands","632","North And Middle Andaman","6495","Mayabunder","645339","Birsa Nagar (Efa)"
"35","Andaman And Nicobar Islands","632","North And Middle Andaman","6495","Mayabunder","645325","Buddha Nallaha (Efa)"
"35","Andaman And Nicobar Islands","632","North And Middle Andaman","6495","Mayabunder","645336","Chainpur (Efa)"
"35","Andaman And Nicobar Islands","632","North And Middle Andaman","6495","Mayabunder","645306","Chainpur (Rv)"
"35","Andaman And Nicobar Islands","632","North And Middle Andaman","6495","Mayabunder","645330","Chappa Nali (Efa)"
"35","Andaman And Nicobar Islands","632","North And Middle Andaman","6495","Mayabunder","645326","Chuglum Gum (Efa)"
"35","Andaman And Nicobar Islands","632","North And Middle Andaman","6495","Mayabunder","645296","Danpur (Rv)"
"35","Andaman And Nicobar Islands","632","North And Middle Andaman","6495","Mayabunder","645301","Devpur (Rv)"
"35","Andaman And Nicobar Islands","632","North And Middle Andaman","6495","Mayabunder","645316","Dukennagar (Rv)"
"35","Andaman And Nicobar Islands","632","North And Middle Andaman","6495","Mayabunder","645332","Ganesh Nagar I & II (Efa)"
"35","Andaman And Nicobar Islands","632","North And Middle Andaman","6495","Mayabunder","645333","Ganeshpur (Efa)"
"35","Andaman And Nicobar Islands","632","North And Middle Andaman","6495","Mayabunder","645329","Gora Tikry (Efa)"
"35","Andaman And Nicobar Islands","632","North And Middle Andaman","6495","Mayabunder","645310","Govindpur (Rv)"
"35","Andaman And Nicobar Islands","632","North And Middle Andaman","6495","Mayabunder","645305","Hanspuri (Rv) (Including Jpp Camps)"
"35","Andaman And Nicobar Islands","632","North And Middle Andaman","6495","Mayabunder","645315","Harinagar (Rv)"
"35","Andaman And Nicobar Islands","632","North And Middle Andaman","6495","Mayabunder","645320","Interview Island (Po)"
"35","Andaman And Nicobar Islands","632","North And Middle Andaman","6495","Mayabunder","645319","Interview Island (Wls)"
"35","Andaman And Nicobar Islands","632","North And Middle Andaman","6495","Mayabunder","645313","Jaipur (Rv)"
"35","Andaman And Nicobar Islands","632","North And Middle Andaman","6495","Mayabunder","645312","Kamalapur (Rv)"
"35","Andaman And Nicobar Islands","632","North And Middle Andaman","6495","Mayabunder","645340","Kanchi Nallaha (Efa) & Bamboo Nallaha (Efa)"
"35","Andaman And Nicobar Islands","632","North And Middle Andaman","6495","Mayabunder","645328","Karanch Khari (Efa)"
"35","Andaman And Nicobar Islands","632","North And Middle Andaman","6495","Mayabunder","645321","Karmatang IX (Efa)"
"35","Andaman And Nicobar Islands","632","North And Middle Andaman","6495","Mayabunder","645298","Karmatang (Rv)"
"35","Andaman And Nicobar Islands","632","North And Middle Andaman","6495","Mayabunder","645322","Karmatang X (Efa) Incl.Bihari Plot (Efa)"
"35","Andaman And Nicobar Islands","632","North And Middle Andaman","6495","Mayabunder","645331","Khukari Tabla (Efa)"
"35","Andaman And Nicobar Islands","632","North And Middle Andaman","6495","Mayabunder","645300","Lataw (Rv)"
"35","Andaman And Nicobar Islands","632","North And Middle Andaman","6495","Mayabunder","645342","Lauki Nallaha (Efa)"
"35","Andaman And Nicobar Islands","632","North And Middle Andaman","6495","Mayabunder","645299","Lucknow (Rv)"
"35","Andaman And Nicobar Islands","632","North And Middle Andaman","6495","Mayabunder","645334","Luis-In-Let-Bay (Jppc)"
"35","Andaman And Nicobar Islands","632","North And Middle Andaman","6495","Mayabunder","645294","Mayabunder (Rv)"
"35","Andaman And Nicobar Islands","632","North And Middle Andaman","6495","Mayabunder","645303","Pahalgaon (Rv)"
"35","Andaman And Nicobar Islands","632","North And Middle Andaman","6495","Mayabunder","645323","Paiket Bay (Efa)"
"35","Andaman And Nicobar Islands","632","North And Middle Andaman","6495","Mayabunder","645311","Paresh Nagar (Rv)"
"35","Andaman And Nicobar Islands","632","North And Middle Andaman","6495","Mayabunder","645341","Pather Tikry (Efa)"
"35","Andaman And Nicobar Islands","632","North And Middle Andaman","6495","Mayabunder","645314","Pinakinagar (Rv)"
"35","Andaman And Nicobar Islands","632","North And Middle Andaman","6495","Mayabunder","645295","Pokadera (Rv)"
"35","Andaman And Nicobar Islands","632","North And Middle Andaman","6495","Mayabunder","645309","Profullya Nagar (Rv)"
"35","Andaman And Nicobar Islands","632","North And Middle Andaman","6495","Mayabunder","645307","Pudumadurai (Rv)"
"35","Andaman And Nicobar Islands","632","North And Middle Andaman","6495","Mayabunder","645297","Rampur (Rv)"
"35","Andaman And Nicobar Islands","632","North And Middle Andaman","6495","Mayabunder","645317","Santipur (Rv)"
"35","Andaman And Nicobar Islands","632","North And Middle Andaman","6495","Mayabunder","645335","Shippi Tikry (Efa)"
"35","Andaman And Nicobar Islands","632","North And Middle Andaman","6495","Mayabunder","645327","Sundari Khari (Efa)"
"35","Andaman And Nicobar Islands","632","North And Middle Andaman","6495","Mayabunder","645318","Swadesh Nagar (Rv)"
"35","Andaman And Nicobar Islands","632","North And Middle Andaman","6495","Mayabunder","645304","Tugapur (Rv)"
"35","Andaman And Nicobar Islands","632","North And Middle Andaman","6495","Mayabunder","645302","Webi (Rv)"
"35","Andaman And Nicobar Islands","632","North And Middle Andaman","6497","Rangat","645380","Abaygarh (Rv)"
"35","Andaman And Nicobar Islands","632","North And Middle Andaman","6497","Rangat","645374","Adojig (Rv) (Including Efa)"
"35","Andaman And Nicobar Islands","632","North And Middle Andaman","6497","Rangat","645349","Amkunj (Rv)"
"35","Andaman And Nicobar Islands","632","North And Middle Andaman","6497","Rangat","645439","Bakultala Rv"
"35","Andaman And Nicobar Islands","632","North And Middle Andaman","6497","Rangat","645414","Bamboo Tikry (Jppc)"
"35","Andaman And Nicobar Islands","632","North And Middle Andaman","6497","Rangat","645367","Bangaon (Rv)"
"35","Andaman And Nicobar Islands","632","North And Middle Andaman","6497","Rangat","645375","Bejoygarh (Rv)"
"35","Andaman And Nicobar Islands","632","North And Middle Andaman","6497","Rangat","645418","Between Chotaligbang And Foul Bay (Ja)"
"35","Andaman And Nicobar Islands","632","North And Middle Andaman","6497","Rangat","645359","Bharatpur (Rv)"
"35","Andaman And Nicobar Islands","632","North And Middle Andaman","6497","Rangat","645430","Bolcha (Efa)"
"35","Andaman And Nicobar Islands","632","North And Middle Andaman","6497","Rangat","645410","Boreham Valley (Fs)"
"35","Andaman And Nicobar Islands","632","North And Middle Andaman","6497","Rangat","645402","Boroinyol II (Fc)"
"35","Andaman And Nicobar Islands","632","North And Middle Andaman","6497","Rangat","645400","Charlungta (Fc)"
"35","Andaman And Nicobar Islands","632","North And Middle Andaman","6497","Rangat","645401","Charlungta II (Fc)"
"35","Andaman And Nicobar Islands","632","North And Middle Andaman","6497","Rangat","645419","Chotaligbang (Ja)"
"35","Andaman And Nicobar Islands","632","North And Middle Andaman","6497","Rangat","645386","Cutbert Bay (Efa)"
"35","Andaman And Nicobar Islands","632","North And Middle Andaman","6497","Rangat","645352","Desharatpur (Rv)"
"35","Andaman And Nicobar Islands","632","North And Middle Andaman","6497","Rangat","645388","Dhani Nallaha (Efa)"
"35","Andaman And Nicobar Islands","632","North And Middle Andaman","6497","Rangat","645404","Dhani Nallaha (Ja)"
"35","Andaman And Nicobar Islands","632","North And Middle Andaman","6497","Rangat","645343","Dharmapur (Rv)"
"35","Andaman And Nicobar Islands","632","North And Middle Andaman","6497","Rangat","645423","Elephenstone Harbour (Fc)"
"35","Andaman And Nicobar Islands","632","North And Middle Andaman","6497","Rangat","645411","Foster Valley (Efa)"
"35","Andaman And Nicobar Islands","632","North And Middle Andaman","6497","Rangat","645416","Foul Bay (Ja)"
"35","Andaman And Nicobar Islands","632","North And Middle Andaman","6497","Rangat","645394","Gol Pahar (Efa)"
"35","Andaman And Nicobar Islands","632","North And Middle Andaman","6497","Rangat","645351","Janakpur (Rv)"
"35","Andaman And Nicobar Islands","632","North And Middle Andaman","6497","Rangat","645393","Japan Tikri (Efa)"
"35","Andaman And Nicobar Islands","632","North And Middle Andaman","6497","Rangat","645412","Jermyvalley(Fs)"
"35","Andaman And Nicobar Islands","632","North And Middle Andaman","6497","Rangat","645369","Kadamtala (Rv)"
"35","Andaman And Nicobar Islands","632","North And Middle Andaman","6497","Rangat","645395","Kalsi (Jppc)"
"35","Andaman And Nicobar Islands","632","North And Middle Andaman","6497","Rangat","645399","Kalsi No. 3 (Jppc)"
"35","Andaman And Nicobar Islands","632","North And Middle Andaman","6497","Rangat","645398","Kalsi No. 4 (Jppc)"
"35","Andaman And Nicobar Islands","632","North And Middle Andaman","6497","Rangat","645397","Kalsi No. 6 (Jppc)"
"35","Andaman And Nicobar Islands","632","North And Middle Andaman","6497","Rangat","645364","Kalsi (Rv)"
"35","Andaman And Nicobar Islands","632","North And Middle Andaman","6497","Rangat","645378","Kanchangarh (Rv)"
"35","Andaman And Nicobar Islands","632","North And Middle Andaman","6497","Rangat","645365","Kaushalyanagar (Rv)"
"35","Andaman And Nicobar Islands","632","North And Middle Andaman","6497","Rangat","645437","Khatta Khari (Efa)"
"35","Andaman And Nicobar Islands","632","North And Middle Andaman","6497","Rangat","645385","Khatta Khari (Rv)"
"35","Andaman And Nicobar Islands","632","North And Middle Andaman","6497","Rangat","645417","Lakra Lungta (Ja)"
"35","Andaman And Nicobar Islands","632","North And Middle Andaman","6497","Rangat","645421","Lalajig Bay (Ac)"
"35","Andaman And Nicobar Islands","632","North And Middle Andaman","6497","Rangat","645362","Laxmanpur (Rv)"
"35","Andaman And Nicobar Islands","632","North And Middle Andaman","6497","Rangat","645372","Long Island (Rv)"
"35","Andaman And Nicobar Islands","632","North And Middle Andaman","6497","Rangat","645426","Lorrojig (Fc) & Vishnu Nallaha (Apwdc)"
"35","Andaman And Nicobar Islands","632","North And Middle Andaman","6497","Rangat","645409","Macarthy Valley (Efa)"
"35","Andaman And Nicobar Islands","632","North And Middle Andaman","6497","Rangat","645422","Merk Bay (Ac)"
"35","Andaman And Nicobar Islands","632","North And Middle Andaman","6497","Rangat","645433","Middle Strait (Jppc)"
"35","Andaman And Nicobar Islands","632","North And Middle Andaman","6497","Rangat","645354","Mithila (Rv)"
"35","Andaman And Nicobar Islands","632","North And Middle Andaman","6497","Rangat","645382","Nayagarh (Rv)"
"35","Andaman And Nicobar Islands","632","North And Middle Andaman","6497","Rangat","645431","Nilambur (Efa)"
"35","Andaman And Nicobar Islands","632","North And Middle Andaman","6497","Rangat","645379","Nilambur (Rv)"
"35","Andaman And Nicobar Islands","632","North And Middle Andaman","6497","Rangat","645350","Nimbutala (Rv)"
"35","Andaman And Nicobar Islands","632","North And Middle Andaman","6497","Rangat","645347","Padmanabhapuram (Rv)"
"35","Andaman And Nicobar Islands","632","North And Middle Andaman","6497","Rangat","645391","Panchawati (Efa)"
"35","Andaman And Nicobar Islands","632","North And Middle Andaman","6497","Rangat","645348","Panchawati (Rv)"
"35","Andaman And Nicobar Islands","632","North And Middle Andaman","6497","Rangat","645428","Papita Dera (Fc)"
"35","Andaman And Nicobar Islands","632","North And Middle Andaman","6497","Rangat","645392","Parnasala II (Fc)"
"35","Andaman And Nicobar Islands","632","North And Middle Andaman","6497","Rangat","645357","Parnasala (Rv)"
"35","Andaman And Nicobar Islands","632","North And Middle Andaman","6497","Rangat","645424","Pawajig (Fc)"
"35","Andaman And Nicobar Islands","632","North And Middle Andaman","6497","Rangat","645425","Pawajig & Nayadera (Fc)"
"35","Andaman And Nicobar Islands","632","North And Middle Andaman","6497","Rangat","645420","Porlob Depot. (Fc)"
"35","Andaman And Nicobar Islands","632","North And Middle Andaman","6497","Rangat","645405","Porlobjig No.10 (Fc & Jppc)"
"35","Andaman And Nicobar Islands","632","North And Middle Andaman","6497","Rangat","645403","Porlobjig No. 15 (Fc, Apwdc & Jppc)"
"35","Andaman And Nicobar Islands","632","North And Middle Andaman","6497","Rangat","645413","Porlobjig No. 3 (Jppc, Apwdc & Anifpdc)"
"35","Andaman And Nicobar Islands","632","North And Middle Andaman","6497","Rangat","645406","Porlobjig No.9 (Jppc)"
"35","Andaman And Nicobar Islands","632","North And Middle Andaman","6497","Rangat","645434","Raglachang (Nayadera) (Fc)"
"35","Andaman And Nicobar Islands","632","North And Middle Andaman","6497","Rangat","645381","Raglachang (Rv)"
"35","Andaman And Nicobar Islands","632","North And Middle Andaman","6497","Rangat","645435","Rajatgarh (Efa)"
"35","Andaman And Nicobar Islands","632","North And Middle Andaman","6497","Rangat","645383","Rajatgarh (Rv)"
"35","Andaman And Nicobar Islands","632","North And Middle Andaman","6497","Rangat","645344","Ramachandra Nagar (Rv)"
"35","Andaman And Nicobar Islands","632","North And Middle Andaman","6497","Rangat","645356","Rampur (Rv)"
"35","Andaman And Nicobar Islands","632","North And Middle Andaman","6497","Rangat","645355","Rangat (Rv)"
"35","Andaman And Nicobar Islands","632","North And Middle Andaman","6497","Rangat","645358","Sabari (Rv)"
"35","Andaman And Nicobar Islands","632","North And Middle Andaman","6497","Rangat","645396","Sagwan Nallaha (Fc)"
"35","Andaman And Nicobar Islands","632","North And Middle Andaman","6497","Rangat","645366","Saktigarh (Rv)"
"35","Andaman And Nicobar Islands","632","North And Middle Andaman","6497","Rangat","645429","Sanker Nallaha (Pwdc)"
"35","Andaman And Nicobar Islands","632","North And Middle Andaman","6497","Rangat","645370","Santanu (Rv)"
"35","Andaman And Nicobar Islands","632","North And Middle Andaman","6497","Rangat","645427","Sastri Nallah (Fc)"
"35","Andaman And Nicobar Islands","632","North And Middle Andaman","6497","Rangat","645346","Shivapuram (Rv)"
"35","Andaman And Nicobar Islands","632","North And Middle Andaman","6497","Rangat","645360","Shyamkund (Rv)"
"35","Andaman And Nicobar Islands","632","North And Middle Andaman","6497","Rangat","645389","Sippi Tikry (Efa)"
"35","Andaman And Nicobar Islands","632","North And Middle Andaman","6497","Rangat","645353","Sitapur (Rv)"
"35","Andaman And Nicobar Islands","632","North And Middle Andaman","6497","Rangat","645432","South Creek (Efa, Fc & Apwdc)"
"35","Andaman And Nicobar Islands","632","North And Middle Andaman","6497","Rangat","645438","Spike Island (Ja)"
"35","Andaman And Nicobar Islands","632","North And Middle Andaman","6497","Rangat","645373","Strait Island (As)"
"35","Andaman And Nicobar Islands","632","North And Middle Andaman","6497","Rangat","645390","Sukha Nallaha (Efa)"
"35","Andaman And Nicobar Islands","632","North And Middle Andaman","6497","Rangat","645377","Sundergarh (Rv) (Including Efa)"
"35","Andaman And Nicobar Islands","632","North And Middle Andaman","6497","Rangat","645345","Thiruvanchikulam (Rv)"
"35","Andaman And Nicobar Islands","632","North And Middle Andaman","6497","Rangat","645387","Thoraktang (Fc)"
"35","Andaman And Nicobar Islands","632","North And Middle Andaman","6497","Rangat","645376","Udhaygarh (Rv)"
"35","Andaman And Nicobar Islands","632","North And Middle Andaman","6497","Rangat","645363","Urmilapur (Rv)"
"35","Andaman And Nicobar Islands","632","North And Middle Andaman","6497","Rangat","645371","Uttara (Rv)"
"35","Andaman And Nicobar Islands","632","North And Middle Andaman","6497","Rangat","645361","Vishnupur (Rv)"
"35","Andaman And Nicobar Islands","632","North And Middle Andaman","6497","Rangat","645436","Wrafter'S Creek (Efa)"
"35","Andaman And Nicobar Islands","632","North And Middle Andaman","6497","Rangat","645384","Wrafter'S Creek (Rv)"
"35","Andaman And Nicobar Islands","632","North And Middle Andaman","6497","Rangat","645415","Yeratiljig No. 10 (Jppc)"
"35","Andaman And Nicobar Islands","632","North And Middle Andaman","6497","Rangat","645408","Yeratiljig No. 11 (Jppc)"
"35","Andaman And Nicobar Islands","632","North And Middle Andaman","6497","Rangat","645407","Yeratiljig No. 9 (Jppc)"
"35","Andaman And Nicobar Islands","632","North And Middle Andaman","6497","Rangat","645368","Yeratiljig (Rv)"
"35","Andaman And Nicobar Islands","602","South Andamans","6493","Ferrargunj","645448","Alipur (Rv)"
"35","Andaman And Nicobar Islands","602","South Andamans","6493","Ferrargunj","645464","Aniket (Rv)"
"35","Andaman And Nicobar Islands","602","South Andamans","6493","Ferrargunj","645507","Anjali Nallaha (Jppc)"
"35","Andaman And Nicobar Islands","602","South Andamans","6493","Ferrargunj","645478","Badmash Pahar (Rv)"
"35","Andaman And Nicobar Islands","602","South Andamans","6493","Ferrargunj","645477","Balughat (Rv)"
"35","Andaman And Nicobar Islands","602","South Andamans","6493","Ferrargunj","645516","Bambooflat"
"35","Andaman And Nicobar Islands","602","South Andamans","6493","Ferrargunj","645505","Beach Dera (Efa)"
"35","Andaman And Nicobar Islands","602","South Andamans","6493","Ferrargunj","645494","Between Middle Strait (Jppc) & Jirkatang (Ja)"
"35","Andaman And Nicobar Islands","602","South Andamans","6493","Ferrargunj","645459","Bindraban (Rv)"
"35","Andaman And Nicobar Islands","602","South Andamans","6493","Ferrargunj","645465","Caddlegunj (Rv) (Incl. Sona Pahar & Hazari Bagh (Jppc)"
"35","Andaman And Nicobar Islands","602","South Andamans","6493","Ferrargunj","645510","Chouldari(Lohabarrack)"
"35","Andaman And Nicobar Islands","602","South Andamans","6493","Ferrargunj","645480","Chouldari (Rv)"
"35","Andaman And Nicobar Islands","602","South Andamans","6493","Ferrargunj","645500","Coffee Plot"
"35","Andaman And Nicobar Islands","602","South Andamans","6493","Ferrargunj","645470","Colinpur (Rv)"
"35","Andaman And Nicobar Islands","602","South Andamans","6493","Ferrargunj","645479","Craikabad (Rv)"
"35","Andaman And Nicobar Islands","602","South Andamans","6493","Ferrargunj","645481","Dhanikhari (Rv)"
"35","Andaman And Nicobar Islands","602","South Andamans","6493","Ferrargunj","645467","Dundas Point (Rv)"
"35","Andaman And Nicobar Islands","602","South Andamans","6493","Ferrargunj","645458","Ferrargunj (Rv)"
"35","Andaman And Nicobar Islands","602","South Andamans","6493","Ferrargunj","645491","Flat Bay (Rv)"
"35","Andaman And Nicobar Islands","602","South Andamans","6493","Ferrargunj","645452","Govindapuram (Rv)"
"35","Andaman And Nicobar Islands","602","South Andamans","6493","Ferrargunj","645488","Guptapara (Rv)"
"35","Andaman And Nicobar Islands","602","South Andamans","6493","Ferrargunj","645512","Hashmatabad (Efa)"
"35","Andaman And Nicobar Islands","602","South Andamans","6493","Ferrargunj","645485","Hashmatabad (Rv)"
"35","Andaman And Nicobar Islands","602","South Andamans","6493","Ferrargunj","645457","Herbertabad (Rv)"
"35","Andaman And Nicobar Islands","602","South Andamans","6493","Ferrargunj","645473","Hobdipur (Rv)"
"35","Andaman And Nicobar Islands","602","South Andamans","6493","Ferrargunj","645482","Homfreygunj (Rv)"
"35","Andaman And Nicobar Islands","602","South Andamans","6493","Ferrargunj","645461","Hope Town (Rv)"
"35","Andaman And Nicobar Islands","602","South Andamans","6493","Ferrargunj","645504","Jhinga Nallaha (Jppc & Apwdc)"
"35","Andaman And Nicobar Islands","602","South Andamans","6493","Ferrargunj","645498","Jirkatang Camp No. 7 (Fc)"
"35","Andaman And Nicobar Islands","602","South Andamans","6493","Ferrargunj","645499","Jirkatang No.2 (Efa)"
"35","Andaman And Nicobar Islands","602","South Andamans","6493","Ferrargunj","645441","Jirkatang No. 2 (Rv)"
"35","Andaman And Nicobar Islands","602","South Andamans","6493","Ferrargunj","645460","Kadakachang (Rv)"
"35","Andaman And Nicobar Islands","602","South Andamans","6493","Ferrargunj","645442","Kalatang (Rv)"
"35","Andaman And Nicobar Islands","602","South Andamans","6493","Ferrargunj","645453","Knapuram (Rv)"
"35","Andaman And Nicobar Islands","602","South Andamans","6493","Ferrargunj","645444","Madhuban (Rv)"
"35","Andaman And Nicobar Islands","602","South Andamans","6493","Ferrargunj","645445","Malapuram (Rv)"
"35","Andaman And Nicobar Islands","602","South Andamans","6493","Ferrargunj","645513","Manglutan (Efa)"
"35","Andaman And Nicobar Islands","602","South Andamans","6493","Ferrargunj","645486","Manglutan (Rv)"
"35","Andaman And Nicobar Islands","602","South Andamans","6493","Ferrargunj","645489","Manjeri (Rv) & Line Dera (Fc)"
"35","Andaman And Nicobar Islands","602","South Andamans","6493","Ferrargunj","645446","Mannarghat (Rv)"
"35","Andaman And Nicobar Islands","602","South Andamans","6493","Ferrargunj","645471","Manpur (Rv)"
"35","Andaman And Nicobar Islands","602","South Andamans","6493","Ferrargunj","645454","Mathura (Rv)"
"35","Andaman And Nicobar Islands","602","South Andamans","6493","Ferrargunj","645511","Maymyo (Efa)"
"35","Andaman And Nicobar Islands","602","South Andamans","6493","Ferrargunj","645483","Maymyo (Rv)"
"35","Andaman And Nicobar Islands","602","South Andamans","6493","Ferrargunj","645492","Middle Strait (Jppc)"
"35","Andaman And Nicobar Islands","602","South Andamans","6493","Ferrargunj","645502","Mile Tilek (Arf)"
"35","Andaman And Nicobar Islands","602","South Andamans","6493","Ferrargunj","645501","Mile Tilek (Jppc)"
"35","Andaman And Nicobar Islands","602","South Andamans","6493","Ferrargunj","645447","Mile Tilek (Rv) & Mile Tilek (Efa)"
"35","Andaman And Nicobar Islands","602","South Andamans","6493","Ferrargunj","645468","Mithakhari (Rv)"
"35","Andaman And Nicobar Islands","602","South Andamans","6493","Ferrargunj","645472","Mohwa Dera (Rv)"
"35","Andaman And Nicobar Islands","602","South Andamans","6493","Ferrargunj","645450","Mount Harriet (Rv)"
"35","Andaman And Nicobar Islands","602","South Andamans","6493","Ferrargunj","645497","Mrichi Dera (Efa)"
"35","Andaman And Nicobar Islands","602","South Andamans","6493","Ferrargunj","645475","Muslim Basti (Rv)"
"35","Andaman And Nicobar Islands","602","South Andamans","6493","Ferrargunj","645466","Namunaghar (Rv)"
"35","Andaman And Nicobar Islands","602","South Andamans","6493","Ferrargunj","645514","Nayashahar (Efa)"
"35","Andaman And Nicobar Islands","602","South Andamans","6493","Ferrargunj","645487","Nayashahar (Rv)"
"35","Andaman And Nicobar Islands","602","South Andamans","6493","Ferrargunj","645462","North Bay (Rv)"
"35","Andaman And Nicobar Islands","602","South Andamans","6493","Ferrargunj","645474","Ograbraij (Rv)"
"35","Andaman And Nicobar Islands","602","South Andamans","6493","Ferrargunj","645515","Pongi Balu (Fc) & Bada Balu (Efa)"
"35","Andaman And Nicobar Islands","602","South Andamans","6493","Ferrargunj","645476","Port Mouat (Rv)"
"35","Andaman And Nicobar Islands","602","South Andamans","6493","Ferrargunj","645493","Potatang (Fc)"
"35","Andaman And Nicobar Islands","602","South Andamans","6493","Ferrargunj","645495","Shoal Bay 17 (Fc)"
"35","Andaman And Nicobar Islands","602","South Andamans","6493","Ferrargunj","645496","Shoal Bay 19 (Fc)"
"35","Andaman And Nicobar Islands","602","South Andamans","6493","Ferrargunj","645440","Shoal Bay (Rv)"
"35","Andaman And Nicobar Islands","602","South Andamans","6493","Ferrargunj","645463","Shore Point (Rv)"
"35","Andaman And Nicobar Islands","602","South Andamans","6493","Ferrargunj","645451","Stewartgunj (Rv)"
"35","Andaman And Nicobar Islands","602","South Andamans","6493","Ferrargunj","645455","Temple Myo (Rv)"
"35","Andaman And Nicobar Islands","602","South Andamans","6493","Ferrargunj","645506","Tirur I (Jppc)"
"35","Andaman And Nicobar Islands","602","South Andamans","6493","Ferrargunj","645508","Tirur IV (Jppc)"
"35","Andaman And Nicobar Islands","602","South Andamans","6493","Ferrargunj","645509","Tirur (Ja)"
"35","Andaman And Nicobar Islands","602","South Andamans","6493","Ferrargunj","645503","Tirur (Jppc)"
"35","Andaman And Nicobar Islands","602","South Andamans","6493","Ferrargunj","645456","Tirur (Rv)"
"35","Andaman And Nicobar Islands","602","South Andamans","6493","Ferrargunj","645469","Tusnabad (Rv)"
"35","Andaman And Nicobar Islands","602","South Andamans","6493","Ferrargunj","645490","Viper Island (Rv)"
"35","Andaman And Nicobar Islands","602","South Andamans","6493","Ferrargunj","645484","Wandur (Rv)"
"35","Andaman And Nicobar Islands","602","South Andamans","6493","Ferrargunj","645449","Wimberlygunj (Rv)"
"35","Andaman And Nicobar Islands","602","South Andamans","6493","Ferrargunj","645443","Wright Myo (Rv)"
"35","Andaman And Nicobar Islands","602","South Andamans","6494","Little Andaman","645570","Butler Bay Forest Camp 4-I (Fdca)"
"35","Andaman And Nicobar Islands","602","South Andamans","6494","Little Andaman","645569","Butler Bay Forest Camp 4-Ii (Fdca)"
"35","Andaman And Nicobar Islands","602","South Andamans","6494","Little Andaman","645566","Butler Bay Forest Camp 4-Iii (Fdca)"
"35","Andaman And Nicobar Islands","602","South Andamans","6494","Little Andaman","645567","Butler Bay Forest Camp 4-Iv (Fdca)"
"35","Andaman And Nicobar Islands","602","South Andamans","6494","Little Andaman","645552","Dugong Creek (Os)"
"35","Andaman And Nicobar Islands","602","South Andamans","6494","Little Andaman","645565","Forest Camp At 14 Km 5 - I (Fdca)"
"35","Andaman And Nicobar Islands","602","South Andamans","6494","Little Andaman","645564","Forest Camp At 14 Km. 5-Ii (Fdca)"
"35","Andaman And Nicobar Islands","602","South Andamans","6494","Little Andaman","645563","Forest Camp At 14 Km. 5-Iii (Fdca)"
"35","Andaman And Nicobar Islands","602","South Andamans","6494","Little Andaman","645562","Forest Camp At 19 Km. (Fdca)"
"35","Andaman And Nicobar Islands","602","South Andamans","6494","Little Andaman","645559","Harmender Bay (Ns)"
"35","Andaman And Nicobar Islands","602","South Andamans","6494","Little Andaman","645558","Hut Bay (Rv)"
"35","Andaman And Nicobar Islands","602","South Andamans","6494","Little Andaman","645557","M/S Asia & Company (Asia Timber Product)"
"35","Andaman And Nicobar Islands","602","South Andamans","6494","Little Andaman","645556","Netaji Nagar (Rv)"
"35","Andaman And Nicobar Islands","602","South Andamans","6494","Little Andaman","645554","Rabindra Nagar (Rv)"
"35","Andaman And Nicobar Islands","602","South Andamans","6494","Little Andaman","645555","Ramakrishnapur (Rv)"
"35","Andaman And Nicobar Islands","602","South Andamans","6494","Little Andaman","645568","Red Oil Palm (Nursery Camp)"
"35","Andaman And Nicobar Islands","602","South Andamans","6494","Little Andaman","645560","South Bay (Light House Camp)"
"35","Andaman And Nicobar Islands","602","South Andamans","6494","Little Andaman","645561","South Bay (Os)"
"35","Andaman And Nicobar Islands","602","South Andamans","6494","Little Andaman","645553","Vivekanandapuram (Rv)"
"35","Andaman And Nicobar Islands","602","South Andamans","6496","Prothrapur","645547","Bada Khari (Fc)"
"35","Andaman And Nicobar Islands","602","South Andamans","6496","Prothrapur","645542","Bada Nallaha/Bada Balu (Efa)"
"35","Andaman And Nicobar Islands","602","South Andamans","6496","Prothrapur","645546","Bamboo Nallaha(Efa) Incl. Kichad Nallaha(Efa)"
"35","Andaman And Nicobar Islands","602","South Andamans","6496","Prothrapur","645537","Beadnabad (Rv)"
"35","Andaman And Nicobar Islands","602","South Andamans","6496","Prothrapur","645518","Bejoy Nagar (Rv)"
"35","Andaman And Nicobar Islands","602","South Andamans","6496","Prothrapur","645523","Bharatpur (Rv)"
"35","Andaman And Nicobar Islands","602","South Andamans","6496","Prothrapur","645535","Bimilitan (Rv) & Kodiyaghat"
"35","Andaman And Nicobar Islands","602","South Andamans","6496","Prothrapur","645532","Brichgunj (Rv)"
"35","Andaman And Nicobar Islands","602","South Andamans","6496","Prothrapur","645531","Brookshabad Part (Rv)"
"35","Andaman And Nicobar Islands","602","South Andamans","6496","Prothrapur","645536","Calicut (Rv)"
"35","Andaman And Nicobar Islands","602","South Andamans","6496","Prothrapur","645539","Chidiyatapu (Rv)"
"35","Andaman And Nicobar Islands","602","South Andamans","6496","Prothrapur","645543","Chidiyatapu (Wls)"
"35","Andaman And Nicobar Islands","602","South Andamans","6496","Prothrapur","645549","Cinque Island (Wls)"
"35","Andaman And Nicobar Islands","602","South Andamans","6496","Prothrapur","645529","Dollygunj (Rv)"
"35","Andaman And Nicobar Islands","602","South Andamans","6496","Prothrapur","645551","Garacharma (Ct)"
"35","Andaman And Nicobar Islands","602","South Andamans","6496","Prothrapur","645517","Govinda Nagar (Rv)"
"35","Andaman And Nicobar Islands","602","South Andamans","6496","Prothrapur","645541","John Lawrance (Fc)"
"35","Andaman And Nicobar Islands","602","South Andamans","6496","Prothrapur","645520","Krishna Nagar (Rv)"
"35","Andaman And Nicobar Islands","602","South Andamans","6496","Prothrapur","645525","Lakshmanpur (Rv)"
"35","Andaman And Nicobar Islands","602","South Andamans","6496","Prothrapur","645530","Minnie Bay Part (Rv)"
"35","Andaman And Nicobar Islands","602","South Andamans","6496","Prothrapur","645544","Munda Pahar (Efa)"
"35","Andaman And Nicobar Islands","602","South Andamans","6496","Prothrapur","645524","Neil Kendra (Rv)"
"35","Andaman And Nicobar Islands","602","South Andamans","6496","Prothrapur","645548","North Sentinel Island (Sa)"
"35","Andaman And Nicobar Islands","602","South Andamans","6496","Prothrapur","645527","Pahargaon Part (Rv)"
"35","Andaman And Nicobar Islands","602","South Andamans","6496","Prothrapur","645550","Prothrapur (Ct)"
"35","Andaman And Nicobar Islands","602","South Andamans","6496","Prothrapur","645521","Radha Nagar (Rv)"
"35","Andaman And Nicobar Islands","602","South Andamans","6496","Prothrapur","645526","Ram Nagar (Rv)"
"35","Andaman And Nicobar Islands","602","South Andamans","6496","Prothrapur","645538","Rangachang (Rv)"
"35","Andaman And Nicobar Islands","602","South Andamans","6496","Prothrapur","645545","R.M.Point (Fc)"
"35","Andaman And Nicobar Islands","602","South Andamans","6496","Prothrapur","645540","Rutland (Rv)"
"35","Andaman And Nicobar Islands","602","South Andamans","6496","Prothrapur","645528","School Line Part (Rv)"
"35","Andaman And Nicobar Islands","602","South Andamans","6496","Prothrapur","645519","Shyam Nagar (Rv)"
"35","Andaman And Nicobar Islands","602","South Andamans","6496","Prothrapur","645534","Sippighat (Rv)"
"35","Andaman And Nicobar Islands","602","South Andamans","6496","Prothrapur","645522","Sitapur (Rv)"
"35","Andaman And Nicobar Islands","602","South Andamans","6496","Prothrapur","645533","Teylorabad (Rv)"