"S.No.","Local Body Code","Local Body Name","Local Body Type","District Level Parent Name","Intermediate Level Parent Name","Ward Code","Ward Number","Ward Name (In English)","Ward Name (In Local)"
"1","552","South Andamans","District Panchayat","","","111395","1","Ward No. 1","Ward No. 1"
"2","6793","Diglipur","Intermediate Panchayat","North And Middle Andaman","","3030845","1","Radhanagar","Radhanagar"
"3","6793","Diglipur","Intermediate Panchayat","North And Middle Andaman","","3030846","2","Laxmipur","Laxmipur"
"4","6793","Diglipur","Intermediate Panchayat","North And Middle Andaman","","3030847","3","Madhupur","Madhupur"
"5","6793","Diglipur","Intermediate Panchayat","North And Middle Andaman","","3030848","4","Sitanagar","Sitanagar"
"6","6793","Diglipur","Intermediate Panchayat","North And Middle Andaman","","3030849","5","Diglipur","Diglipur"
"7","6793","Diglipur","Intermediate Panchayat","North And Middle Andaman","","3030850","6","Subashgram","Subashgram"
"8","6793","Diglipur","Intermediate Panchayat","North And Middle Andaman","","3030851","7","Ramakrishnagram","Ramakrishnagram"
"9","6793","Diglipur","Intermediate Panchayat","North And Middle Andaman","","3030852","8","Kerlapuram","Kerlapuram"
"10","6793","Diglipur","Intermediate Panchayat","North And Middle Andaman","","3030853","9","Shibpur","Shibpur"
"11","6793","Diglipur","Intermediate Panchayat","North And Middle Andaman","","3030854","10","Gandhinagar","Gandhinagar"
"12","6793","Diglipur","Intermediate Panchayat","North And Middle Andaman","","3030855","11","Ramnagar","Ramnagar"
"13","6793","Diglipur","Intermediate Panchayat","North And Middle Andaman","","3030856","12","Nabagram","Nabagram"
"14","6793","Diglipur","Intermediate Panchayat","North And Middle Andaman","","3030857","13","Kalighat","Kalighat"
"15","6793","Diglipur","Intermediate Panchayat","North And Middle Andaman","","3030858","14","Kishorinagar","Kishorinagar"
"16","6793","Diglipur","Intermediate Panchayat","North And Middle Andaman","","3030859","15","Paschimsagar","Paschimsagar"
"17","6796","Mayabunder","Intermediate Panchayat","North And Middle Andaman","","3030860","1","Mayabunder","Mayabunder"
"18","6796","Mayabunder","Intermediate Panchayat","North And Middle Andaman","","3030861","2","Pokadera","Pokadera"
"19","6796","Mayabunder","Intermediate Panchayat","North And Middle Andaman","","3030862","3","Rampur","Rampur"
"20","6796","Mayabunder","Intermediate Panchayat","North And Middle Andaman","","3030863","4","Basantipur","Basantipur"
"21","6796","Mayabunder","Intermediate Panchayat","North And Middle Andaman","","3030864","5","Chainpur","Chainpur"
"22","6796","Mayabunder","Intermediate Panchayat","North And Middle Andaman","","3030865","6","Harinagar","Harinagar"
"23","6796","Mayabunder","Intermediate Panchayat","North And Middle Andaman","","3030866","7","Pahalagoan","Pahalagoan"
"24","6796","Mayabunder","Intermediate Panchayat","North And Middle Andaman","","3030867","8","Swadeshnagar","Swadeshnagar"
"25","6798","Rangat","Intermediate Panchayat","North And Middle Andaman","","3030868","1","Shivapuram","शिवपुरम"
"26","6798","Rangat","Intermediate Panchayat","North And Middle Andaman","","3030869","2","Nimbutala","निंबुतला"
"27","6798","Rangat","Intermediate Panchayat","North And Middle Andaman","","3030870","3","Dasarthpur","दशरथपुर"
"28","6798","Rangat","Intermediate Panchayat","North And Middle Andaman","","3030871","4","Rangat","रंगत"
"29","6798","Rangat","Intermediate Panchayat","North And Middle Andaman","","3030872","5","Sabari","साबारी"
"30","6798","Rangat","Intermediate Panchayat","North And Middle Andaman","","3030873","6","Long Island","लाँग आयलैंड"
"31","6798","Rangat","Intermediate Panchayat","North And Middle Andaman","","3030874","7","Parnashala","पर्णशाला"
"32","6798","Rangat","Intermediate Panchayat","North And Middle Andaman","","3030875","8","Bakultala","बकुलताल"
"33","6798","Rangat","Intermediate Panchayat","North And Middle Andaman","","3030876","9","Kaushalyanagar","कौशल्यानगर"
"34","6798","Rangat","Intermediate Panchayat","North And Middle Andaman","","3030877","10","Urmipalur","उर्मिपालुर"
"35","6798","Rangat","Intermediate Panchayat","North And Middle Andaman","","3030878","11","Kadamtala","कदमताला"
"36","6798","Rangat","Intermediate Panchayat","North And Middle Andaman","","3030879","12","Uttara","उत्तरा"
"37","6798","Rangat","Intermediate Panchayat","North And Middle Andaman","","3030880","13","Sundergarh","सुंदरगढ़"
"38","6798","Rangat","Intermediate Panchayat","North And Middle Andaman","","3030881","14","Nilambur","निलाम्बुर"
"39","6799","Campbell Bay","Intermediate Panchayat","South Andamans","","3030812","1","Laxmi Nagar","Laxmi Nagar"
"40","6799","Campbell Bay","Intermediate Panchayat","South Andamans","","3030813","2","Campbell Bay","Campbell Bay"
"41","6799","Campbell Bay","Intermediate Panchayat","South Andamans","","3030814","3","Govind Nagar","Govind Nagar"
"42","6794","Ferrargunj","Intermediate Panchayat","South Andamans","","3030815","1","Shoalbay","Shoalbay"
"43","6794","Ferrargunj","Intermediate Panchayat","South Andamans","","3030816","2","Mannarghat","Mannarghat"
"44","6794","Ferrargunj","Intermediate Panchayat","South Andamans","","3030817","3","Wimberlygunj","Wimberlygunj"
"45","6794","Ferrargunj","Intermediate Panchayat","South Andamans","","3030818","4","Kanyapuram","Kanyapuram"
"46","6794","Ferrargunj","Intermediate Panchayat","South Andamans","","3030819","5","Stewartgunj","Stewartgunj"
"47","6794","Ferrargunj","Intermediate Panchayat","South Andamans","","3030820","6","Bambooflat I","Bambooflat I"
"48","6794","Ferrargunj","Intermediate Panchayat","South Andamans","","3030821","7","Bambooflat II","Bambooflat II"
"49","6794","Ferrargunj","Intermediate Panchayat","South Andamans","","3030822","8","Shore Point","Shore Point"
"50","6794","Ferrargunj","Intermediate Panchayat","South Andamans","","3030823","9","Hope Town","Hope Town"
"51","6794","Ferrargunj","Intermediate Panchayat","South Andamans","","3030824","10","Bindraban","Bindraban"
"52","6794","Ferrargunj","Intermediate Panchayat","South Andamans","","3030825","11","Ferrargunj","Ferrargunj"
"53","6794","Ferrargunj","Intermediate Panchayat","South Andamans","","3030826","12","Namunaghar","Namunaghar"
"54","6794","Ferrargunj","Intermediate Panchayat","South Andamans","","3030827","13","Tushnabad","Tushnabad"
"55","6794","Ferrargunj","Intermediate Panchayat","South Andamans","","3030828","14","Collinpur","Collinpur"
"56","6794","Ferrargunj","Intermediate Panchayat","South Andamans","","3030829","15","Mithakhari","Mithakhari"
"57","6794","Ferrargunj","Intermediate Panchayat","South Andamans","","3030830","16","Chouldari","Chouldari"
"58","6794","Ferrargunj","Intermediate Panchayat","South Andamans","","3030831","17","Humfrygunj","Humfrygunj"
"59","6794","Ferrargunj","Intermediate Panchayat","South Andamans","","3030832","18","Wandoor","Wandoor"
"60","6794","Ferrargunj","Intermediate Panchayat","South Andamans","","3030833","19","Guptapara","Guptapara"
"61","6795","Little Andaman","Intermediate Panchayat","South Andamans","","3030834","1","Hutbay","Hutbay"
"62","6795","Little Andaman","Intermediate Panchayat","South Andamans","","3030835","2","Vivekanandapur","Vivekanandapur"
"63","6795","Little Andaman","Intermediate Panchayat","South Andamans","","3030836","3","Ramakrishnapur","Ramakrishnapur"
"64","6795","Little Andaman","Intermediate Panchayat","South Andamans","","3030837","4","Netaji Nagar","Netaji Nagar"
"65","6795","Little Andaman","Intermediate Panchayat","South Andamans","","3030838","5","Rabindra Nagar","Rabindra Nagar"
"66","6797","Prothrapur","Intermediate Panchayat","South Andamans","","3030839","1","Sippighat","Sippighat"
"67","6797","Prothrapur","Intermediate Panchayat","South Andamans","","3030840","2","Calicut","Calicut"
"68","6797","Prothrapur","Intermediate Panchayat","South Andamans","","3030841","3","Beodnabad","Beodnabad"
"69","6797","Prothrapur","Intermediate Panchayat","South Andamans","","3030842","4","Govindnagar","Govindnagar"
"70","6797","Prothrapur","Intermediate Panchayat","South Andamans","","3030843","5","Shyamnagar","Shyamnagar"
"71","6797","Prothrapur","Intermediate Panchayat","South Andamans","","3030844","6","Neil Kendra","Neil Kendra"
"72","234465","Diglipur","Village Panchayat","North And Middle Andaman","Diglipur","1452179","1","Diglipur-1",""
"73","234465","Diglipur","Village Panchayat","North And Middle Andaman","Diglipur","1452180","2","Diglipur-2",""
"74","234465","Diglipur","Village Panchayat","North And Middle Andaman","Diglipur","1452181","3","Diglipur-3",""
"75","234465","Diglipur","Village Panchayat","North And Middle Andaman","Diglipur","1452182","4","Diglipur-4",""
"76","234465","Diglipur","Village Panchayat","North And Middle Andaman","Diglipur","1452183","5","Diglipur-5",""
"77","234465","Diglipur","Village Panchayat","North And Middle Andaman","Diglipur","1452184","6","Diglipur-6",""
"78","234465","Diglipur","Village Panchayat","North And Middle Andaman","Diglipur","1452185","7","Diglipur-7",""
"79","234465","Diglipur","Village Panchayat","North And Middle Andaman","Diglipur","1452186","8","Khudirampur-1",""
"80","234465","Diglipur","Village Panchayat","North And Middle Andaman","Diglipur","1452187","9","Khudirampur-2",""
"81","234465","Diglipur","Village Panchayat","North And Middle Andaman","Diglipur","1452188","10","Khudirampur-3",""
"82","234465","Diglipur","Village Panchayat","North And Middle Andaman","Diglipur","1452189","11","Khudirampur-4",""
"83","245696","Gandhi Nagar","Village Panchayat","North And Middle Andaman","Diglipur","1452190","1","Gandhinagar-1",""
"84","245696","Gandhi Nagar","Village Panchayat","North And Middle Andaman","Diglipur","1452191","2","Gandhinagar-2",""
"85","245696","Gandhi Nagar","Village Panchayat","North And Middle Andaman","Diglipur","1452192","3","Gandhinagar-3",""
"86","245696","Gandhi Nagar","Village Panchayat","North And Middle Andaman","Diglipur","1452193","4","Shantinagar-1",""
"87","245696","Gandhi Nagar","Village Panchayat","North And Middle Andaman","Diglipur","1452194","5","Shantinagar-2",""
"88","245696","Gandhi Nagar","Village Panchayat","North And Middle Andaman","Diglipur","1452195","6","Ganeshnagar-1",""
"89","245696","Gandhi Nagar","Village Panchayat","North And Middle Andaman","Diglipur","1452196","7","Ganeshnagar-2",""
"90","245696","Gandhi Nagar","Village Panchayat","North And Middle Andaman","Diglipur","1452197","8","Ganeshnagar-3",""
"91","234466","Kalighat","Village Panchayat","North And Middle Andaman","Diglipur","1452198","1","Kalighat-1",""
"92","234466","Kalighat","Village Panchayat","North And Middle Andaman","Diglipur","1452199","2","Kalighat-2",""
"93","234466","Kalighat","Village Panchayat","North And Middle Andaman","Diglipur","1452200","3","Kalighat-3",""
"94","234466","Kalighat","Village Panchayat","North And Middle Andaman","Diglipur","1452201","4","Kalighat-4",""
"95","234466","Kalighat","Village Panchayat","North And Middle Andaman","Diglipur","1452202","5","Kalighat-5",""
"96","234466","Kalighat","Village Panchayat","North And Middle Andaman","Diglipur","1452203","6","Kalighat-6",""
"97","234466","Kalighat","Village Panchayat","North And Middle Andaman","Diglipur","1452204","7","Jagannathdera-1",""
"98","234466","Kalighat","Village Panchayat","North And Middle Andaman","Diglipur","1452205","8","Jagannathdera-2",""
"99","234466","Kalighat","Village Panchayat","North And Middle Andaman","Diglipur","2994061","9","Nischintapur",""
"100","234467","Keralapuram","Village Panchayat","North And Middle Andaman","Diglipur","1452206","1","Keralapuram-1",""
"101","234467","Keralapuram","Village Panchayat","North And Middle Andaman","Diglipur","1452207","2","Keralapuram-2",""
"102","234467","Keralapuram","Village Panchayat","North And Middle Andaman","Diglipur","1452208","3","Keralapuram-3",""
"103","234467","Keralapuram","Village Panchayat","North And Middle Andaman","Diglipur","1452209","4","Vidyasagarpalli-1",""
"104","234467","Keralapuram","Village Panchayat","North And Middle Andaman","Diglipur","1452210","5","Vidyasagarpalli-2",""
"105","234467","Keralapuram","Village Panchayat","North And Middle Andaman","Diglipur","1452211","6","Vidyasagarpalli-3",""
"106","234467","Keralapuram","Village Panchayat","North And Middle Andaman","Diglipur","1452212","7","Aerial Bay-1",""
"107","234467","Keralapuram","Village Panchayat","North And Middle Andaman","Diglipur","1452213","8","Aerial Bay-2",""
"108","234467","Keralapuram","Village Panchayat","North And Middle Andaman","Diglipur","1452214","9","Aerial Bay-3",""
"109","234467","Keralapuram","Village Panchayat","North And Middle Andaman","Diglipur","1452215","10","Sagardweep",""
"110","234468","Kishorinagar","Village Panchayat","North And Middle Andaman","Diglipur","1452216","1","Kishorinagar-1",""
"111","234468","Kishorinagar","Village Panchayat","North And Middle Andaman","Diglipur","1452217","2","Kishorinagar-2",""
"112","234468","Kishorinagar","Village Panchayat","North And Middle Andaman","Diglipur","1452218","3","Kishorinagar-3",""
"113","234468","Kishorinagar","Village Panchayat","North And Middle Andaman","Diglipur","1452219","4","Kishorinagar-4",""
"114","234468","Kishorinagar","Village Panchayat","North And Middle Andaman","Diglipur","1452220","5","Parangara-1",""
"115","234468","Kishorinagar","Village Panchayat","North And Middle Andaman","Diglipur","1452221","6","Parangara-2",""
"116","234468","Kishorinagar","Village Panchayat","North And Middle Andaman","Diglipur","1452222","7","Mohanpur-1",""
"117","234468","Kishorinagar","Village Panchayat","North And Middle Andaman","Diglipur","1452223","8","Mohanpur-2",""
"118","234469","Laxmipur","Village Panchayat","North And Middle Andaman","Diglipur","1452145","1","Milangram-1",""
"119","234469","Laxmipur","Village Panchayat","North And Middle Andaman","Diglipur","1452146","2","Milangram-2",""
"120","234469","Laxmipur","Village Panchayat","North And Middle Andaman","Diglipur","1452147","3","Milangram-3",""
"121","234469","Laxmipur","Village Panchayat","North And Middle Andaman","Diglipur","1452148","4","Milangram-4",""
"122","234469","Laxmipur","Village Panchayat","North And Middle Andaman","Diglipur","1452149","5","Laxmipur-1",""
"123","234469","Laxmipur","Village Panchayat","North And Middle Andaman","Diglipur","1452150","6","Laxmipur-2",""
"124","234469","Laxmipur","Village Panchayat","North And Middle Andaman","Diglipur","1452151","7","Laxmipur-3",""
"125","234469","Laxmipur","Village Panchayat","North And Middle Andaman","Diglipur","1452152","8","Laxmipur-4",""
"126","234470","Madhupur","Village Panchayat","North And Middle Andaman","Diglipur","1452224","1","Madhupur-1",""
"127","234470","Madhupur","Village Panchayat","North And Middle Andaman","Diglipur","1452225","2","Madhupur-2",""
"128","234470","Madhupur","Village Panchayat","North And Middle Andaman","Diglipur","1452226","3","Madhupur-3",""
"129","234470","Madhupur","Village Panchayat","North And Middle Andaman","Diglipur","1452227","4","Madhupur-4",""
"130","234470","Madhupur","Village Panchayat","North And Middle Andaman","Diglipur","1452228","5","Madhupur-5",""
"131","234470","Madhupur","Village Panchayat","North And Middle Andaman","Diglipur","1452229","6","Madhupur-6",""
"132","234470","Madhupur","Village Panchayat","North And Middle Andaman","Diglipur","1452230","7","Madhupur-7",""
"133","234470","Madhupur","Village Panchayat","North And Middle Andaman","Diglipur","1452231","8","Rabindrapally",""
"134","234470","Madhupur","Village Panchayat","North And Middle Andaman","Diglipur","1452232","9","Deshbandhugram-1",""
"135","234470","Madhupur","Village Panchayat","North And Middle Andaman","Diglipur","1452233","10","Deshbandhugram-2",""
"136","234470","Madhupur","Village Panchayat","North And Middle Andaman","Diglipur","1452234","11","Deshbandhugram-3",""
"137","234471","Nabagram","Village Panchayat","North And Middle Andaman","Diglipur","1452235","1","Nabagram-1",""
"138","234471","Nabagram","Village Panchayat","North And Middle Andaman","Diglipur","1452236","2","Nabagram-2",""
"139","234471","Nabagram","Village Panchayat","North And Middle Andaman","Diglipur","1452237","3","Nabagram-3",""
"140","234471","Nabagram","Village Panchayat","North And Middle Andaman","Diglipur","1452238","4","Nabagram-4",""
"141","234471","Nabagram","Village Panchayat","North And Middle Andaman","Diglipur","1452239","5","Nabagram-5",""
"142","234471","Nabagram","Village Panchayat","North And Middle Andaman","Diglipur","1452240","6","Nabagram-6",""
"143","234471","Nabagram","Village Panchayat","North And Middle Andaman","Diglipur","1452241","7","Nabagram-7",""
"144","234471","Nabagram","Village Panchayat","North And Middle Andaman","Diglipur","1452242","8","Madhyamgram",""
"145","245695","Paschim Sagar","Village Panchayat","North And Middle Andaman","Diglipur","1452243","1","Paschimsagar-1",""
"146","245695","Paschim Sagar","Village Panchayat","North And Middle Andaman","Diglipur","1452244","2","Paschimsagar-2",""
"147","245695","Paschim Sagar","Village Panchayat","North And Middle Andaman","Diglipur","1452245","3","Paschimsagar-3",""
"148","245695","Paschim Sagar","Village Panchayat","North And Middle Andaman","Diglipur","1452246","4","Paschimsagar-4",""
"149","245695","Paschim Sagar","Village Panchayat","North And Middle Andaman","Diglipur","1452247","5","Paschimsagar-5",""
"150","245695","Paschim Sagar","Village Panchayat","North And Middle Andaman","Diglipur","1452248","6","Talbagan-1",""
"151","245695","Paschim Sagar","Village Panchayat","North And Middle Andaman","Diglipur","1452249","7","Talbagan-2",""
"152","245695","Paschim Sagar","Village Panchayat","North And Middle Andaman","Diglipur","1452250","8","Talbagan-3",""
"153","234473","Radhanagar","Village Panchayat","North And Middle Andaman","Diglipur","1452137","1","Shyamnagar-1",""
"154","234473","Radhanagar","Village Panchayat","North And Middle Andaman","Diglipur","1452138","2","Shyamnagar-2",""
"155","234473","Radhanagar","Village Panchayat","North And Middle Andaman","Diglipur","1452139","3","Radhanagar-1",""
"156","234473","Radhanagar","Village Panchayat","North And Middle Andaman","Diglipur","1452140","4","Radhanagar-2",""
"157","234473","Radhanagar","Village Panchayat","North And Middle Andaman","Diglipur","1452141","5","Swarajgram-1",""
"158","234473","Radhanagar","Village Panchayat","North And Middle Andaman","Diglipur","1452142","6","Swarajgram-2",""
"159","234473","Radhanagar","Village Panchayat","North And Middle Andaman","Diglipur","1452143","7","Swarajgram-3",""
"160","234473","Radhanagar","Village Panchayat","North And Middle Andaman","Diglipur","1452144","8","Swarajgram-4",""
"161","234474","Ramnagar","Village Panchayat","North And Middle Andaman","Diglipur","1452251","1","Ramnagar-1",""
"162","234474","Ramnagar","Village Panchayat","North And Middle Andaman","Diglipur","1452252","2","Ramnagar-2",""
"163","234474","Ramnagar","Village Panchayat","North And Middle Andaman","Diglipur","1452253","3","Ramnagar-3",""
"164","234474","Ramnagar","Village Panchayat","North And Middle Andaman","Diglipur","1452254","4","Ramnagar-4",""
"165","234474","Ramnagar","Village Panchayat","North And Middle Andaman","Diglipur","1452255","5","Ramnagar-5",""
"166","234474","Ramnagar","Village Panchayat","North And Middle Andaman","Diglipur","1452256","6","Ramnagar-6",""
"167","234474","Ramnagar","Village Panchayat","North And Middle Andaman","Diglipur","1452257","7","Ramnagar-7",""
"168","234474","Ramnagar","Village Panchayat","North And Middle Andaman","Diglipur","1452258","8","Ramnagar-8",""
"169","234472","R.K. Gram","Village Panchayat","North And Middle Andaman","Diglipur","1452259","1","Ramakrishnagram-1",""
"170","234472","R.K. Gram","Village Panchayat","North And Middle Andaman","Diglipur","1452260","2","Ramakrishnagram-2",""
"171","234472","R.K. Gram","Village Panchayat","North And Middle Andaman","Diglipur","1452261","3","Ramakrishnagram-3",""
"172","234472","R.K. Gram","Village Panchayat","North And Middle Andaman","Diglipur","1452262","4","Ramakrishnagram-4",""
"173","234472","R.K. Gram","Village Panchayat","North And Middle Andaman","Diglipur","1452263","5","Ramakrishnagram-5",""
"174","234472","R.K. Gram","Village Panchayat","North And Middle Andaman","Diglipur","1452264","6","Ramakrishnagram-6",""
"175","234472","R.K. Gram","Village Panchayat","North And Middle Andaman","Diglipur","1452265","7","Ramakrishnagram-7",""
"176","234472","R.K. Gram","Village Panchayat","North And Middle Andaman","Diglipur","1452266","8","Ramakrishnagram-8",""
"177","234472","R.K. Gram","Village Panchayat","North And Middle Andaman","Diglipur","3014427","9","Ramakrishnagram-9",""
"178","234472","R.K. Gram","Village Panchayat","North And Middle Andaman","Diglipur","3014428","10","Ramakrishnagram-10",""
"179","234475","Shibpur","Village Panchayat","North And Middle Andaman","Diglipur","1452267","1","Shibpur-1",""
"180","234475","Shibpur","Village Panchayat","North And Middle Andaman","Diglipur","1452268","2","Shibpur-2",""
"181","234475","Shibpur","Village Panchayat","North And Middle Andaman","Diglipur","1452269","3","Shibpur-3",""
"182","234475","Shibpur","Village Panchayat","North And Middle Andaman","Diglipur","1452270","4","Kalipur-1",""
"183","234475","Shibpur","Village Panchayat","North And Middle Andaman","Diglipur","1452271","5","Kalipur-2",""
"184","234475","Shibpur","Village Panchayat","North And Middle Andaman","Diglipur","1452272","6","Durgapur-1",""
"185","234475","Shibpur","Village Panchayat","North And Middle Andaman","Diglipur","1452273","7","Durgapur-2",""
"186","234475","Shibpur","Village Panchayat","North And Middle Andaman","Diglipur","1452274","8","Durgapur-3",""
"187","234475","Shibpur","Village Panchayat","North And Middle Andaman","Diglipur","1452275","10","Durgapur-4",""
"188","234476","Sitanagar","Village Panchayat","North And Middle Andaman","Diglipur","1452276","1","Sitanagar-1",""
"189","234476","Sitanagar","Village Panchayat","North And Middle Andaman","Diglipur","1452277","2","Sitanagar-2",""
"190","234476","Sitanagar","Village Panchayat","North And Middle Andaman","Diglipur","1452278","3","Sitanagar-3",""
"191","234476","Sitanagar","Village Panchayat","North And Middle Andaman","Diglipur","1452279","4","Sitanagar-4",""
"192","234476","Sitanagar","Village Panchayat","North And Middle Andaman","Diglipur","1452280","5","Sitanagar-5",""
"193","234476","Sitanagar","Village Panchayat","North And Middle Andaman","Diglipur","1452281","6","Sitanagar-6",""
"194","234476","Sitanagar","Village Panchayat","North And Middle Andaman","Diglipur","1452282","7","Sitanagar-7",""
"195","234476","Sitanagar","Village Panchayat","North And Middle Andaman","Diglipur","1452283","8","Krishnapuri",""
"196","234477","Subashgram","Village Panchayat","North And Middle Andaman","Diglipur","1452284","1","Subashgram-1",""
"197","234477","Subashgram","Village Panchayat","North And Middle Andaman","Diglipur","1452285","2","Subashgram-2",""
"198","234477","Subashgram","Village Panchayat","North And Middle Andaman","Diglipur","1452286","3","Subashgram-3",""
"199","234477","Subashgram","Village Panchayat","North And Middle Andaman","Diglipur","1452287","4","Subashgram-4",""
"200","234477","Subashgram","Village Panchayat","North And Middle Andaman","Diglipur","1452288","5","Subashgram-5",""
"201","234477","Subashgram","Village Panchayat","North And Middle Andaman","Diglipur","1452289","6","Subashgram-6",""
"202","234477","Subashgram","Village Panchayat","North And Middle Andaman","Diglipur","1452290","7","Subashgram-7",""
"203","234477","Subashgram","Village Panchayat","North And Middle Andaman","Diglipur","1452291","8","Diglipur-1",""
"204","234477","Subashgram","Village Panchayat","North And Middle Andaman","Diglipur","1452292","9","Diglipur-2",""
"205","234477","Subashgram","Village Panchayat","North And Middle Andaman","Diglipur","1452293","10","Diglipur-3",""
"206","234477","Subashgram","Village Panchayat","North And Middle Andaman","Diglipur","1452294","11","Diglipur-4",""
"207","234477","Subashgram","Village Panchayat","North And Middle Andaman","Diglipur","3014429","12","Diglipur-5",""
"208","234477","Subashgram","Village Panchayat","North And Middle Andaman","Diglipur","3014430","13","Diglipur-6",""
"209","234497","Basantipur","Village Panchayat","North And Middle Andaman","Mayabunder","1463301","1","Pareshnagar-1",""
"210","234497","Basantipur","Village Panchayat","North And Middle Andaman","Mayabunder","1463302","2","Pareshnagar-2",""
"211","234497","Basantipur","Village Panchayat","North And Middle Andaman","Mayabunder","1463303","3","Prafullanagar-1",""
"212","234497","Basantipur","Village Panchayat","North And Middle Andaman","Mayabunder","1463304","4","Prafullanagar-2",""
"213","234497","Basantipur","Village Panchayat","North And Middle Andaman","Mayabunder","1463305","5","Govindapur-1",""
"214","234497","Basantipur","Village Panchayat","North And Middle Andaman","Mayabunder","1463306","6","Govindapur-2",""
"215","234497","Basantipur","Village Panchayat","North And Middle Andaman","Mayabunder","1463307","7","Govindapur-3",""
"216","234497","Basantipur","Village Panchayat","North And Middle Andaman","Mayabunder","1463308","8","Basantipur",""
"217","234498","Chainpur","Village Panchayat","North And Middle Andaman","Mayabunder","1463309","1","Chainpur-1",""
"218","234498","Chainpur","Village Panchayat","North And Middle Andaman","Mayabunder","1463310","2","Chainpur-2",""
"219","234498","Chainpur","Village Panchayat","North And Middle Andaman","Mayabunder","1463311","3","Chainpur-3",""
"220","234498","Chainpur","Village Panchayat","North And Middle Andaman","Mayabunder","1463312","4","Chainpur-4",""
"221","234498","Chainpur","Village Panchayat","North And Middle Andaman","Mayabunder","1463313","5","Hanspuri-1",""
"222","234498","Chainpur","Village Panchayat","North And Middle Andaman","Mayabunder","1463314","6","Hanspuri-2",""
"223","234498","Chainpur","Village Panchayat","North And Middle Andaman","Mayabunder","1463315","7","Pudumadurai-1",""
"224","234498","Chainpur","Village Panchayat","North And Middle Andaman","Mayabunder","1463316","8","Pudumadurai-2",""
"225","234499","Harinagar","Village Panchayat","North And Middle Andaman","Mayabunder","1463317","1","Harinagar-1",""
"226","234499","Harinagar","Village Panchayat","North And Middle Andaman","Mayabunder","1463318","2","Harinagar-2",""
"227","234499","Harinagar","Village Panchayat","North And Middle Andaman","Mayabunder","1463319","3","Harinagar-3",""
"228","234499","Harinagar","Village Panchayat","North And Middle Andaman","Mayabunder","1463320","4","Harinagar-4",""
"229","234499","Harinagar","Village Panchayat","North And Middle Andaman","Mayabunder","1463321","5","Harinagar-5",""
"230","234499","Harinagar","Village Panchayat","North And Middle Andaman","Mayabunder","1463322","6","Harinagar-6",""
"231","234499","Harinagar","Village Panchayat","North And Middle Andaman","Mayabunder","1463323","7","Pinakinagar-1",""
"232","234499","Harinagar","Village Panchayat","North And Middle Andaman","Mayabunder","1463324","8","Pinakinagar-2",""
"233","234499","Harinagar","Village Panchayat","North And Middle Andaman","Mayabunder","1463325","9","Jaipur-1",""
"234","234499","Harinagar","Village Panchayat","North And Middle Andaman","Mayabunder","1463326","10","Jaipur-2",""
"235","234499","Harinagar","Village Panchayat","North And Middle Andaman","Mayabunder","1463327","11","Kamlapur",""
"236","234500","Mayabunder","Village Panchayat","North And Middle Andaman","Mayabunder","1463328","1","Mayabunder-1",""
"237","234500","Mayabunder","Village Panchayat","North And Middle Andaman","Mayabunder","1463329","2","Mayabunder-2",""
"238","234500","Mayabunder","Village Panchayat","North And Middle Andaman","Mayabunder","1463330","3","Mayabunder-3",""
"239","234500","Mayabunder","Village Panchayat","North And Middle Andaman","Mayabunder","1463331","4","Mayabunder-4",""
"240","234500","Mayabunder","Village Panchayat","North And Middle Andaman","Mayabunder","1463332","5","Mayabunder-5",""
"241","234500","Mayabunder","Village Panchayat","North And Middle Andaman","Mayabunder","1463333","6","Mayabunder-6",""
"242","234500","Mayabunder","Village Panchayat","North And Middle Andaman","Mayabunder","1463334","7","Mayabunder-7",""
"243","234500","Mayabunder","Village Panchayat","North And Middle Andaman","Mayabunder","1463335","8","Mayabunder-8",""
"244","234500","Mayabunder","Village Panchayat","North And Middle Andaman","Mayabunder","1463336","9","Mayabunder-9",""
"245","234500","Mayabunder","Village Panchayat","North And Middle Andaman","Mayabunder","1463337","10","Mayabunder-10",""
"246","234500","Mayabunder","Village Panchayat","North And Middle Andaman","Mayabunder","1463338","11","Mayabunder-11",""
"247","234500","Mayabunder","Village Panchayat","North And Middle Andaman","Mayabunder","3014515","12","Borang",""
"248","234501","Pahalgaon","Village Panchayat","North And Middle Andaman","Mayabunder","1463571","1","Pahalgaon-1",""
"249","234501","Pahalgaon","Village Panchayat","North And Middle Andaman","Mayabunder","1463572","2","Pahalgaon-2",""
"250","234501","Pahalgaon","Village Panchayat","North And Middle Andaman","Mayabunder","1463573","3","Pahalgaon-3",""
"251","234501","Pahalgaon","Village Panchayat","North And Middle Andaman","Mayabunder","1463574","4","Pahalgaon-4",""
"252","234501","Pahalgaon","Village Panchayat","North And Middle Andaman","Mayabunder","1463575","5","Pahalgaon-5",""
"253","234501","Pahalgaon","Village Panchayat","North And Middle Andaman","Mayabunder","1463576","6","Pahalgaon-6",""
"254","234501","Pahalgaon","Village Panchayat","North And Middle Andaman","Mayabunder","1463577","7","Tugapur-1",""
"255","234501","Pahalgaon","Village Panchayat","North And Middle Andaman","Mayabunder","1463578","8","Tugapur-2",""
"256","234501","Pahalgaon","Village Panchayat","North And Middle Andaman","Mayabunder","1463579","9","Tugapur-3",""
"257","234501","Pahalgaon","Village Panchayat","North And Middle Andaman","Mayabunder","1463580","10","Tugapur-4",""
"258","234501","Pahalgaon","Village Panchayat","North And Middle Andaman","Mayabunder","1463581","11","Tugapur-5",""
"259","234502","Pokadera","Village Panchayat","North And Middle Andaman","Mayabunder","1463622","1","Pokadera-1",""
"260","234502","Pokadera","Village Panchayat","North And Middle Andaman","Mayabunder","1463623","2","Pokadera-2",""
"261","234502","Pokadera","Village Panchayat","North And Middle Andaman","Mayabunder","1463624","3","Pokadera-3",""
"262","234502","Pokadera","Village Panchayat","North And Middle Andaman","Mayabunder","1463625","4","Pokadera-4",""
"263","234502","Pokadera","Village Panchayat","North And Middle Andaman","Mayabunder","1463626","5","Pokadera-5",""
"264","234502","Pokadera","Village Panchayat","North And Middle Andaman","Mayabunder","1463627","6","Pokadera-6",""
"265","234502","Pokadera","Village Panchayat","North And Middle Andaman","Mayabunder","1463628","7","Danapur-1",""
"266","234502","Pokadera","Village Panchayat","North And Middle Andaman","Mayabunder","1463629","8","Danapur-2",""
"267","234503","Rampur","Village Panchayat","North And Middle Andaman","Mayabunder","1464917","1","Webi-1",""
"268","234503","Rampur","Village Panchayat","North And Middle Andaman","Mayabunder","1464918","2","Webi-2",""
"269","234503","Rampur","Village Panchayat","North And Middle Andaman","Mayabunder","1464919","3","Karmatang-1",""
"270","234503","Rampur","Village Panchayat","North And Middle Andaman","Mayabunder","1464920","4","Karmatang-2",""
"271","234503","Rampur","Village Panchayat","North And Middle Andaman","Mayabunder","1464921","5","Karmatang-3",""
"272","234503","Rampur","Village Panchayat","North And Middle Andaman","Mayabunder","1464922","6","Karmatang-4",""
"273","234503","Rampur","Village Panchayat","North And Middle Andaman","Mayabunder","1464923","7","Lucknow-1",""
"274","234503","Rampur","Village Panchayat","North And Middle Andaman","Mayabunder","1464924","8","Lucknow-2",""
"275","234503","Rampur","Village Panchayat","North And Middle Andaman","Mayabunder","1464925","9","Lataw",""
"276","234503","Rampur","Village Panchayat","North And Middle Andaman","Mayabunder","1464926","10","Deopur-1",""
"277","234503","Rampur","Village Panchayat","North And Middle Andaman","Mayabunder","1464927","11","Deopur-2",""
"278","234503","Rampur","Village Panchayat","North And Middle Andaman","Mayabunder","1464928","12","Rampur-1",""
"279","234503","Rampur","Village Panchayat","North And Middle Andaman","Mayabunder","1464929","13","Rampur-2",""
"280","234504","Swadeshnagar","Village Panchayat","North And Middle Andaman","Mayabunder","1468008","1","Swadeshnagar-1",""
"281","234504","Swadeshnagar","Village Panchayat","North And Middle Andaman","Mayabunder","1468009","2","Swadeshnagar-2",""
"282","234504","Swadeshnagar","Village Panchayat","North And Middle Andaman","Mayabunder","1468010","3","Swadeshnagar-3",""
"283","234504","Swadeshnagar","Village Panchayat","North And Middle Andaman","Mayabunder","1468011","4","Swadeshnagar-4",""
"284","234504","Swadeshnagar","Village Panchayat","North And Middle Andaman","Mayabunder","1468012","5","Swadeshnagar-5",""
"285","234504","Swadeshnagar","Village Panchayat","North And Middle Andaman","Mayabunder","1468013","6","Swadeshnagar-6",""
"286","234504","Swadeshnagar","Village Panchayat","North And Middle Andaman","Mayabunder","1468014","7","Shantipur-1",""
"287","234504","Swadeshnagar","Village Panchayat","North And Middle Andaman","Mayabunder","1468015","8","Shantipur-2",""
"288","234504","Swadeshnagar","Village Panchayat","North And Middle Andaman","Mayabunder","1468016","9","Shantipur-3",""
"289","234504","Swadeshnagar","Village Panchayat","North And Middle Andaman","Mayabunder","1468017","10","Dukenagar-1",""
"290","234504","Swadeshnagar","Village Panchayat","North And Middle Andaman","Mayabunder","1468018","11","Dukenagar-2",""
"291","234515","Bakultala","Village Panchayat","North And Middle Andaman","Rangat","1475013","1","Bakultala-1",""
"292","234515","Bakultala","Village Panchayat","North And Middle Andaman","Rangat","1475014","2","Bakultala-2",""
"293","234515","Bakultala","Village Panchayat","North And Middle Andaman","Rangat","1475015","3","Bakultala-3",""
"294","234515","Bakultala","Village Panchayat","North And Middle Andaman","Rangat","1475016","4","Bakultala-4",""
"295","234515","Bakultala","Village Panchayat","North And Middle Andaman","Rangat","1475017","5","Bakultala-5",""
"296","234515","Bakultala","Village Panchayat","North And Middle Andaman","Rangat","1475018","6","Bakultala-6",""
"297","234515","Bakultala","Village Panchayat","North And Middle Andaman","Rangat","1475019","7","Bakultala-7",""
"298","234515","Bakultala","Village Panchayat","North And Middle Andaman","Rangat","1475020","8","Bakultala-8",""
"299","234516","Dashratpur","Village Panchayat","North And Middle Andaman","Rangat","1215041","1","Dasrathpur III",""
"300","234516","Dashratpur","Village Panchayat","North And Middle Andaman","Rangat","1215042","2","Janakpur II",""
"301","234516","Dashratpur","Village Panchayat","North And Middle Andaman","Rangat","1215043","3","Dasarathpur II",""
"302","234516","Dashratpur","Village Panchayat","North And Middle Andaman","Rangat","1215044","4","Rangat",""
"303","234516","Dashratpur","Village Panchayat","North And Middle Andaman","Rangat","1215045","5","Mithila I",""
"304","234516","Dashratpur","Village Panchayat","North And Middle Andaman","Rangat","1215046","6","Sitapur",""
"305","234516","Dashratpur","Village Panchayat","North And Middle Andaman","Rangat","1215047","7","Janakpur I",""
"306","234516","Dashratpur","Village Panchayat","North And Middle Andaman","Rangat","1215048","8","Dasarathpur I",""
"307","234516","Dashratpur","Village Panchayat","North And Middle Andaman","Rangat","1215049","9","Mithila II",""
"308","234517","Kadamtala","Village Panchayat","North And Middle Andaman","Rangat","1478661","1","Kadamtala-1",""
"309","234517","Kadamtala","Village Panchayat","North And Middle Andaman","Rangat","1478662","2","Kadamtala-2",""
"310","234517","Kadamtala","Village Panchayat","North And Middle Andaman","Rangat","1478663","3","Kadamtala-3",""
"311","234517","Kadamtala","Village Panchayat","North And Middle Andaman","Rangat","1478664","4","Kadamtala-4",""
"312","234517","Kadamtala","Village Panchayat","North And Middle Andaman","Rangat","1478665","5","Kadamtala-5",""
"313","234517","Kadamtala","Village Panchayat","North And Middle Andaman","Rangat","1478666","6","Kadamtala-6",""
"314","234517","Kadamtala","Village Panchayat","North And Middle Andaman","Rangat","1478667","7","Kadamtala-7",""
"315","234517","Kadamtala","Village Panchayat","North And Middle Andaman","Rangat","1478668","8","Kadamtala-8",""
"316","234517","Kadamtala","Village Panchayat","North And Middle Andaman","Rangat","1478669","9","Kadamtala-9",""
"317","234517","Kadamtala","Village Panchayat","North And Middle Andaman","Rangat","1478670","10","Kadamtala-10",""
"318","234517","Kadamtala","Village Panchayat","North And Middle Andaman","Rangat","1478671","11","Yeratajig",""
"319","234518","Kausalyanagar","Village Panchayat","North And Middle Andaman","Rangat","1497239","1","Saktigarh-1",""
"320","234518","Kausalyanagar","Village Panchayat","North And Middle Andaman","Rangat","1497240","2","Saktigarh-2",""
"321","234518","Kausalyanagar","Village Panchayat","North And Middle Andaman","Rangat","1497241","3","Saktigarh-3",""
"322","234518","Kausalyanagar","Village Panchayat","North And Middle Andaman","Rangat","1497242","4","Kaushalyanagar-1",""
"323","234518","Kausalyanagar","Village Panchayat","North And Middle Andaman","Rangat","1497243","5","Kaushalyanagar-2",""
"324","234518","Kausalyanagar","Village Panchayat","North And Middle Andaman","Rangat","1497244","6","Kaushalyanagar-3",""
"325","234518","Kausalyanagar","Village Panchayat","North And Middle Andaman","Rangat","1497245","7","Kaushalyanagar-4",""
"326","234518","Kausalyanagar","Village Panchayat","North And Middle Andaman","Rangat","1497246","8","Kaushalyanagar-5",""
"327","234519","Long Island","Village Panchayat","North And Middle Andaman","Rangat","1507791","1","Long Islands-1",""
"328","234519","Long Island","Village Panchayat","North And Middle Andaman","Rangat","1507792","2","Long Islands-2",""
"329","234519","Long Island","Village Panchayat","North And Middle Andaman","Rangat","1507793","3","Long Islands-3",""
"330","234519","Long Island","Village Panchayat","North And Middle Andaman","Rangat","1507794","4","Long Islands-4",""
"331","234519","Long Island","Village Panchayat","North And Middle Andaman","Rangat","1507795","5","Long Islands-5",""
"332","234519","Long Island","Village Panchayat","North And Middle Andaman","Rangat","1507796","6","Long Islands-6",""
"333","234519","Long Island","Village Panchayat","North And Middle Andaman","Rangat","1507797","7","Long Islands-7",""
"334","234519","Long Island","Village Panchayat","North And Middle Andaman","Rangat","1507798","8","Long Islands-8",""
"335","234520","Nilambur","Village Panchayat","North And Middle Andaman","Rangat","1507808","1","Nilambur-1",""
"336","234520","Nilambur","Village Panchayat","North And Middle Andaman","Rangat","1507809","2","Nilambur-2",""
"337","234520","Nilambur","Village Panchayat","North And Middle Andaman","Rangat","1507810","3","Nilambur-3",""
"338","234520","Nilambur","Village Panchayat","North And Middle Andaman","Rangat","1507811","4","Nilambur-4",""
"339","234520","Nilambur","Village Panchayat","North And Middle Andaman","Rangat","1507812","5","Nilambur-5",""
"340","234520","Nilambur","Village Panchayat","North And Middle Andaman","Rangat","1507813","6","Nilambur-6",""
"341","234520","Nilambur","Village Panchayat","North And Middle Andaman","Rangat","1507814","7","Kanchangarh",""
"342","234520","Nilambur","Village Panchayat","North And Middle Andaman","Rangat","1507815","8","Nayagarh-1",""
"343","234520","Nilambur","Village Panchayat","North And Middle Andaman","Rangat","1507816","9","Nayagarh-2",""
"344","234520","Nilambur","Village Panchayat","North And Middle Andaman","Rangat","1507817","10","Wrafter Creek-1",""
"345","234520","Nilambur","Village Panchayat","North And Middle Andaman","Rangat","1507818","11","Wrafter Creek-2",""
"346","234520","Nilambur","Village Panchayat","North And Middle Andaman","Rangat","1507819","12","Rajatgarh",""
"347","234520","Nilambur","Village Panchayat","North And Middle Andaman","Rangat","1507820","13","Kattakhari",""
"348","234520","Nilambur","Village Panchayat","North And Middle Andaman","Rangat","1507821","14","Abhaygarh",""
"349","234521","Nimbutala","Village Panchayat","North And Middle Andaman","Rangat","1510827","1","Amkunj-1",""
"350","234521","Nimbutala","Village Panchayat","North And Middle Andaman","Rangat","1510828","2","Amkunj-2",""
"351","234521","Nimbutala","Village Panchayat","North And Middle Andaman","Rangat","1510829","3","Nimbutala-1",""
"352","234521","Nimbutala","Village Panchayat","North And Middle Andaman","Rangat","1510830","4","Nimbutala-2",""
"353","234521","Nimbutala","Village Panchayat","North And Middle Andaman","Rangat","1510831","5","Nimbutala-3",""
"354","234521","Nimbutala","Village Panchayat","North And Middle Andaman","Rangat","1510832","6","Nimbutala-4",""
"355","234521","Nimbutala","Village Panchayat","North And Middle Andaman","Rangat","1510833","7","Nimbutala-5",""
"356","234521","Nimbutala","Village Panchayat","North And Middle Andaman","Rangat","1510834","8","Nimbutala-6",""
"357","234521","Nimbutala","Village Panchayat","North And Middle Andaman","Rangat","1510835","9","Nimbutala-7",""
"358","234521","Nimbutala","Village Panchayat","North And Middle Andaman","Rangat","1510836","10","Nimbutala-8",""
"359","234521","Nimbutala","Village Panchayat","North And Middle Andaman","Rangat","1510837","11","Nimbutala-9",""
"360","234522","Parnasala","Village Panchayat","North And Middle Andaman","Rangat","1508554","1","Parnasala-1",""
"361","234522","Parnasala","Village Panchayat","North And Middle Andaman","Rangat","1508555","2","Parnasala-2",""
"362","234522","Parnasala","Village Panchayat","North And Middle Andaman","Rangat","1508556","3","Parnasala-3",""
"363","234522","Parnasala","Village Panchayat","North And Middle Andaman","Rangat","1508557","4","Parnasala-4",""
"364","234522","Parnasala","Village Panchayat","North And Middle Andaman","Rangat","1508558","5","Rampur-1",""
"365","234522","Parnasala","Village Panchayat","North And Middle Andaman","Rangat","1508559","6","Rampur-2",""
"366","234522","Parnasala","Village Panchayat","North And Middle Andaman","Rangat","1508560","7","Rampur-3",""
"367","234522","Parnasala","Village Panchayat","North And Middle Andaman","Rangat","1508561","8","Rampur-4",""
"368","234522","Parnasala","Village Panchayat","North And Middle Andaman","Rangat","1508562","9","Rampur-5",""
"369","234523","Rangat","Village Panchayat","North And Middle Andaman","Rangat","1508657","1","Rangat-1",""
"370","234523","Rangat","Village Panchayat","North And Middle Andaman","Rangat","1508658","2","Rangat-2",""
"371","234523","Rangat","Village Panchayat","North And Middle Andaman","Rangat","1508659","3","Rangat-3",""
"372","234523","Rangat","Village Panchayat","North And Middle Andaman","Rangat","1508660","4","Rangat-4",""
"373","234523","Rangat","Village Panchayat","North And Middle Andaman","Rangat","1508661","5","Rangat-5",""
"374","234523","Rangat","Village Panchayat","North And Middle Andaman","Rangat","1508662","6","Rangat-6",""
"375","234523","Rangat","Village Panchayat","North And Middle Andaman","Rangat","1508663","7","Rangat-7",""
"376","234523","Rangat","Village Panchayat","North And Middle Andaman","Rangat","1508664","8","Rangat-8",""
"377","234523","Rangat","Village Panchayat","North And Middle Andaman","Rangat","1508665","9","Rangat-9",""
"378","234523","Rangat","Village Panchayat","North And Middle Andaman","Rangat","1508666","10","Rangat-10",""
"379","234523","Rangat","Village Panchayat","North And Middle Andaman","Rangat","1508667","11","Rangat-11",""
"380","234523","Rangat","Village Panchayat","North And Middle Andaman","Rangat","1508668","12","Rangat-12",""
"381","234523","Rangat","Village Panchayat","North And Middle Andaman","Rangat","1508669","13","Rangat-13",""
"382","234524","Sabri","Village Panchayat","North And Middle Andaman","Rangat","1534402","1","Sabari-1",""
"383","234524","Sabri","Village Panchayat","North And Middle Andaman","Rangat","1534403","2","Sabari-2",""
"384","234524","Sabri","Village Panchayat","North And Middle Andaman","Rangat","1534404","3","Sabari-3",""
"385","234524","Sabri","Village Panchayat","North And Middle Andaman","Rangat","1534405","4","Sabari-4",""
"386","234524","Sabri","Village Panchayat","North And Middle Andaman","Rangat","1534406","5","Sabari-5",""
"387","234524","Sabri","Village Panchayat","North And Middle Andaman","Rangat","1534407","6","Sabari-6",""
"388","234524","Sabri","Village Panchayat","North And Middle Andaman","Rangat","1534408","7","Bharatpur",""
"389","234524","Sabri","Village Panchayat","North And Middle Andaman","Rangat","1534409","8","Vishnupur",""
"390","234525","Shivapuram","Village Panchayat","North And Middle Andaman","Rangat","1509406","1","Dharmapuram-1",""
"391","234525","Shivapuram","Village Panchayat","North And Middle Andaman","Rangat","1509407","2","Dharmapuram-2",""
"392","234525","Shivapuram","Village Panchayat","North And Middle Andaman","Rangat","1509408","3","Thiruvanchikulam",""
"393","234525","Shivapuram","Village Panchayat","North And Middle Andaman","Rangat","1509409","4","Shivapuram-1",""
"394","234525","Shivapuram","Village Panchayat","North And Middle Andaman","Rangat","1509410","5","Shivapuram-2",""
"395","234525","Shivapuram","Village Panchayat","North And Middle Andaman","Rangat","1509411","6","Shivapuram-3",""
"396","234525","Shivapuram","Village Panchayat","North And Middle Andaman","Rangat","1509412","7","Shivapuram-4",""
"397","234525","Shivapuram","Village Panchayat","North And Middle Andaman","Rangat","1509413","8","Padmanabhapuram-1",""
"398","234525","Shivapuram","Village Panchayat","North And Middle Andaman","Rangat","1509414","9","Padmanabhapuram-2",""
"399","234525","Shivapuram","Village Panchayat","North And Middle Andaman","Rangat","1509415","10","Panchwati-1",""
"400","234525","Shivapuram","Village Panchayat","North And Middle Andaman","Rangat","1509416","11","Panchwati-2",""
"401","234526","Sunderghar","Village Panchayat","North And Middle Andaman","Rangat","1510813","1","Adajig-1",""
"402","234526","Sunderghar","Village Panchayat","North And Middle Andaman","Rangat","1510814","2","Adajig-2",""
"403","234526","Sunderghar","Village Panchayat","North And Middle Andaman","Rangat","1510815","3","Adajig-3",""
"404","234526","Sunderghar","Village Panchayat","North And Middle Andaman","Rangat","1510816","4","Adajig-4",""
"405","234526","Sunderghar","Village Panchayat","North And Middle Andaman","Rangat","1510817","5","Adajig-5",""
"406","234526","Sunderghar","Village Panchayat","North And Middle Andaman","Rangat","1510818","6","Adajig-6",""
"407","234526","Sunderghar","Village Panchayat","North And Middle Andaman","Rangat","1510819","7","Udaygarh",""
"408","234526","Sunderghar","Village Panchayat","North And Middle Andaman","Rangat","1510820","8","Vijaygarh-1",""
"409","234526","Sunderghar","Village Panchayat","North And Middle Andaman","Rangat","1510821","9","Vijaygarh-2",""
"410","234526","Sunderghar","Village Panchayat","North And Middle Andaman","Rangat","1510822","10","Sundergarh-1",""
"411","234526","Sunderghar","Village Panchayat","North And Middle Andaman","Rangat","1510823","11","Sundergarh-2",""
"412","234526","Sunderghar","Village Panchayat","North And Middle Andaman","Rangat","1510824","12","Sundergarh-3",""
"413","234526","Sunderghar","Village Panchayat","North And Middle Andaman","Rangat","1510825","13","Sundergarh-4",""
"414","234526","Sunderghar","Village Panchayat","North And Middle Andaman","Rangat","1510826","14","Sundergarh-5",""
"415","234527","Urmilapur","Village Panchayat","North And Middle Andaman","Rangat","1510779","1","Kalsi-1",""
"416","234527","Urmilapur","Village Panchayat","North And Middle Andaman","Rangat","1510780","2","Kalsi-2",""
"417","234527","Urmilapur","Village Panchayat","North And Middle Andaman","Rangat","1510781","3","Urmilapur",""
"418","234527","Urmilapur","Village Panchayat","North And Middle Andaman","Rangat","1510782","4","Laxmanpur",""
"419","234527","Urmilapur","Village Panchayat","North And Middle Andaman","Rangat","1510783","5","Bakultala-1",""
"420","234527","Urmilapur","Village Panchayat","North And Middle Andaman","Rangat","1510784","6","Bakultala-2",""
"421","234527","Urmilapur","Village Panchayat","North And Middle Andaman","Rangat","1510785","7","Bakultala-3",""
"422","234527","Urmilapur","Village Panchayat","North And Middle Andaman","Rangat","1510786","8","Bakultala-4",""
"423","234528","Uttara","Village Panchayat","North And Middle Andaman","Rangat","1510770","1","Uttara-1",""
"424","234528","Uttara","Village Panchayat","North And Middle Andaman","Rangat","1510771","2","Uttara-2",""
"425","234528","Uttara","Village Panchayat","North And Middle Andaman","Rangat","1510772","3","Uttara-3",""
"426","234528","Uttara","Village Panchayat","North And Middle Andaman","Rangat","1510773","4","Shantanu-1",""
"427","234528","Uttara","Village Panchayat","North And Middle Andaman","Rangat","1510774","5","Shantanu-2",""
"428","234528","Uttara","Village Panchayat","North And Middle Andaman","Rangat","1510775","6","Shantanu-3",""
"429","234528","Uttara","Village Panchayat","North And Middle Andaman","Rangat","1510776","7","Shantanu-4",""
"430","234528","Uttara","Village Panchayat","North And Middle Andaman","Rangat","1510777","8","Shantanu-5",""
"431","234528","Uttara","Village Panchayat","North And Middle Andaman","Rangat","1510778","9","Shantanu-6",""
"432","234529","Campbell Bay","Village Panchayat","South Andamans","Campbell Bay","1431712","1","Campbell Bay-1",""
"433","234529","Campbell Bay","Village Panchayat","South Andamans","Campbell Bay","1431713","2","Campbell Bay-2",""
"434","234529","Campbell Bay","Village Panchayat","South Andamans","Campbell Bay","1431714","3","Campbell Bay-3",""
"435","234529","Campbell Bay","Village Panchayat","South Andamans","Campbell Bay","1431715","4","Campbell Bay-4",""
"436","234529","Campbell Bay","Village Panchayat","South Andamans","Campbell Bay","1431716","5","Campbell Bay-5",""
"437","234529","Campbell Bay","Village Panchayat","South Andamans","Campbell Bay","1431717","6","Campbell Bay-6",""
"438","234529","Campbell Bay","Village Panchayat","South Andamans","Campbell Bay","1431718","7","Campbell Bay-7",""
"439","234529","Campbell Bay","Village Panchayat","South Andamans","Campbell Bay","1431719","8","Campbell Bay-8",""
"440","234529","Campbell Bay","Village Panchayat","South Andamans","Campbell Bay","1431720","9","Campbell Bay-9",""
"441","234529","Campbell Bay","Village Panchayat","South Andamans","Campbell Bay","1431721","10","Campbell Bay-10",""
"442","234530","Govindnagar","Village Panchayat","South Andamans","Campbell Bay","1431734","1","Campbell Bay 1",""
"443","234530","Govindnagar","Village Panchayat","South Andamans","Campbell Bay","1431735","2","Campbell Bay 2",""
"444","234530","Govindnagar","Village Panchayat","South Andamans","Campbell Bay","1431736","3","Campbell Bay 3",""
"445","234530","Govindnagar","Village Panchayat","South Andamans","Campbell Bay","1431737","4","Campbell Bay 4",""
"446","234530","Govindnagar","Village Panchayat","South Andamans","Campbell Bay","1431738","5","Campbell Bay 5",""
"447","234530","Govindnagar","Village Panchayat","South Andamans","Campbell Bay","1431739","6","Campbell Bay 6",""
"448","234530","Govindnagar","Village Panchayat","South Andamans","Campbell Bay","1431740","7","Campbell Bay 7",""
"449","234530","Govindnagar","Village Panchayat","South Andamans","Campbell Bay","1431741","8","Govind Nagar 1",""
"450","234530","Govindnagar","Village Panchayat","South Andamans","Campbell Bay","1431742","9","Govind Nagar 2",""
"451","234530","Govindnagar","Village Panchayat","South Andamans","Campbell Bay","2999392","10","Govind Nagar 3",""
"452","234531","Laxminagar","Village Panchayat","South Andamans","Campbell Bay","1431723","1","Joginder Nagar-1",""
"453","234531","Laxminagar","Village Panchayat","South Andamans","Campbell Bay","1431724","2","Joginder Nagar-2",""
"454","234531","Laxminagar","Village Panchayat","South Andamans","Campbell Bay","1431725","3","Joginder Nagar-3",""
"455","234531","Laxminagar","Village Panchayat","South Andamans","Campbell Bay","1431726","4","Vijaynagar-1",""
"456","234531","Laxminagar","Village Panchayat","South Andamans","Campbell Bay","1431727","5","Vijaynagar-2",""
"457","234531","Laxminagar","Village Panchayat","South Andamans","Campbell Bay","1431728","6","Vijaynagar-3",""
"458","234531","Laxminagar","Village Panchayat","South Andamans","Campbell Bay","1431729","7","Laxminagar",""
"459","234531","Laxminagar","Village Panchayat","South Andamans","Campbell Bay","1431730","8","Gandhinagar-1",""
"460","234531","Laxminagar","Village Panchayat","South Andamans","Campbell Bay","1431731","9","Gandhinagar-2",""
"461","234531","Laxminagar","Village Panchayat","South Andamans","Campbell Bay","1431732","10","Gandhinagar-3",""
"462","234531","Laxminagar","Village Panchayat","South Andamans","Campbell Bay","1431733","11","Shastrinagar",""
"463","234478","Bambooflat-I","Village Panchayat","South Andamans","Ferrargunj","1537608","1","Bambooflat-1",""
"464","234478","Bambooflat-I","Village Panchayat","South Andamans","Ferrargunj","1537609","2","Bambooflat-2",""
"465","234478","Bambooflat-I","Village Panchayat","South Andamans","Ferrargunj","1537610","3","Bambooflat-3",""
"466","234478","Bambooflat-I","Village Panchayat","South Andamans","Ferrargunj","1537611","4","Bambooflat-4",""
"467","234478","Bambooflat-I","Village Panchayat","South Andamans","Ferrargunj","1537612","5","Bambooflat-5",""
"468","234478","Bambooflat-I","Village Panchayat","South Andamans","Ferrargunj","1537613","6","Bambooflat-6",""
"469","234478","Bambooflat-I","Village Panchayat","South Andamans","Ferrargunj","1537614","7","Bambooflat-7",""
"470","234478","Bambooflat-I","Village Panchayat","South Andamans","Ferrargunj","1537615","8","Bambooflat-8",""
"471","234478","Bambooflat-I","Village Panchayat","South Andamans","Ferrargunj","1537616","9","Bambooflat-9",""
"472","272941","Bambooflat-Ii","Village Panchayat","South Andamans","Ferrargunj","1538140","1","Bambooflat-1",""
"473","272941","Bambooflat-Ii","Village Panchayat","South Andamans","Ferrargunj","1538141","2","Bambooflat-2",""
"474","272941","Bambooflat-Ii","Village Panchayat","South Andamans","Ferrargunj","1538142","3","Bambooflat-3",""
"475","272941","Bambooflat-Ii","Village Panchayat","South Andamans","Ferrargunj","1538143","4","Bambooflat-4",""
"476","272941","Bambooflat-Ii","Village Panchayat","South Andamans","Ferrargunj","1538144","5","Bambooflat-5",""
"477","272941","Bambooflat-Ii","Village Panchayat","South Andamans","Ferrargunj","1538145","6","Bambooflat-6",""
"478","272941","Bambooflat-Ii","Village Panchayat","South Andamans","Ferrargunj","1538146","7","Bambooflat-7",""
"479","272941","Bambooflat-Ii","Village Panchayat","South Andamans","Ferrargunj","1538147","8","Bambooflat-8",""
"480","272941","Bambooflat-Ii","Village Panchayat","South Andamans","Ferrargunj","1538148","9","Bambooflat-9",""
"481","272941","Bambooflat-Ii","Village Panchayat","South Andamans","Ferrargunj","1538149","10","Bambooflat-10",""
"482","234479","Brindraban","Village Panchayat","South Andamans","Ferrargunj","1432451","1","Bindraban-1",""
"483","234479","Brindraban","Village Panchayat","South Andamans","Ferrargunj","1432452","2","Bindraban-2",""
"484","234479","Brindraban","Village Panchayat","South Andamans","Ferrargunj","1432453","3","Bindraban-3",""
"485","234479","Brindraban","Village Panchayat","South Andamans","Ferrargunj","1432454","4","Bindraban-4",""
"486","234479","Brindraban","Village Panchayat","South Andamans","Ferrargunj","1432455","5","Bindraban-5",""
"487","234479","Brindraban","Village Panchayat","South Andamans","Ferrargunj","1432456","6","Mathura-1",""
"488","234479","Brindraban","Village Panchayat","South Andamans","Ferrargunj","1432457","7","Mathura-2",""
"489","234479","Brindraban","Village Panchayat","South Andamans","Ferrargunj","1432458","8","Kadakachang-1",""
"490","234479","Brindraban","Village Panchayat","South Andamans","Ferrargunj","1432459","9","Kadakachang-2",""
"491","234480","Chouldari","Village Panchayat","South Andamans","Ferrargunj","1432501","1","Portmout-1",""
"492","234480","Chouldari","Village Panchayat","South Andamans","Ferrargunj","1432502","2","Portmout-2",""
"493","234480","Chouldari","Village Panchayat","South Andamans","Ferrargunj","1432503","3","Chouldhari-1",""
"494","234480","Chouldari","Village Panchayat","South Andamans","Ferrargunj","1432504","4","Chouldhari-2",""
"495","234480","Chouldari","Village Panchayat","South Andamans","Ferrargunj","1432505","5","Chouldhari-3",""
"496","234480","Chouldari","Village Panchayat","South Andamans","Ferrargunj","1432506","6","Chouldhari-4",""
"497","234480","Chouldari","Village Panchayat","South Andamans","Ferrargunj","1432507","7","Chouldhari-5",""
"498","234480","Chouldari","Village Panchayat","South Andamans","Ferrargunj","1432508","8","Chouldhari-6",""
"499","234480","Chouldari","Village Panchayat","South Andamans","Ferrargunj","1432509","9","Chouldhari-7",""
"500","234480","Chouldari","Village Panchayat","South Andamans","Ferrargunj","1432510","10","Badmash Pahar 1",""
"501","234480","Chouldari","Village Panchayat","South Andamans","Ferrargunj","1432511","11","Badmash Pahar 2",""
"502","234480","Chouldari","Village Panchayat","South Andamans","Ferrargunj","2994237","12","Craikabad",""
"503","273036","Collinpur","Village Panchayat","South Andamans","Ferrargunj","1549626","1","Manpur 1",""
"504","273036","Collinpur","Village Panchayat","South Andamans","Ferrargunj","1549627","2","Manpur 2",""
"505","273036","Collinpur","Village Panchayat","South Andamans","Ferrargunj","1549628","3","Manpur 3",""
"506","273036","Collinpur","Village Panchayat","South Andamans","Ferrargunj","1549629","4","Collinpur 1",""
"507","273036","Collinpur","Village Panchayat","South Andamans","Ferrargunj","1549630","5","Collinpur 2",""
"508","273036","Collinpur","Village Panchayat","South Andamans","Ferrargunj","1549631","6","Templemyo",""
"509","273036","Collinpur","Village Panchayat","South Andamans","Ferrargunj","1549632","7","Herbertabad 1",""
"510","273036","Collinpur","Village Panchayat","South Andamans","Ferrargunj","1549633","8","Herbertabad 2",""
"511","273036","Collinpur","Village Panchayat","South Andamans","Ferrargunj","1549634","9","Tirur",""
"512","234481","Ferrargunj","Village Panchayat","South Andamans","Ferrargunj","1538386","1","Ferrargunj-1",""
"513","234481","Ferrargunj","Village Panchayat","South Andamans","Ferrargunj","1538387","2","Ferrargunj-2",""
"514","234481","Ferrargunj","Village Panchayat","South Andamans","Ferrargunj","1538388","3","Ferrargunj-3",""
"515","234481","Ferrargunj","Village Panchayat","South Andamans","Ferrargunj","1538389","4","Ferrargunj-4",""
"516","234481","Ferrargunj","Village Panchayat","South Andamans","Ferrargunj","1538390","5","Miletilak",""
"517","234481","Ferrargunj","Village Panchayat","South Andamans","Ferrargunj","1538391","6","Jirkatang-1",""
"518","234481","Ferrargunj","Village Panchayat","South Andamans","Ferrargunj","1538392","7","Jirkatang-2",""
"519","234481","Ferrargunj","Village Panchayat","South Andamans","Ferrargunj","1538393","8","Aniket",""
"520","234481","Ferrargunj","Village Panchayat","South Andamans","Ferrargunj","1538394","9","Caddlegunj-1",""
"521","234481","Ferrargunj","Village Panchayat","South Andamans","Ferrargunj","1538395","10","Caddlegunj-2",""
"522","234482","Guptapara","Village Panchayat","South Andamans","Ferrargunj","1540655","1","Manjeri",""
"523","234482","Guptapara","Village Panchayat","South Andamans","Ferrargunj","1540656","2","Nayashahar-1",""
"524","234482","Guptapara","Village Panchayat","South Andamans","Ferrargunj","1540657","3","Nayashahar-2",""
"525","234482","Guptapara","Village Panchayat","South Andamans","Ferrargunj","1540658","4","Guptapara-1",""
"526","234482","Guptapara","Village Panchayat","South Andamans","Ferrargunj","1540659","5","Guptapara-2",""
"527","234482","Guptapara","Village Panchayat","South Andamans","Ferrargunj","1540660","6","Guptapara-3",""
"528","234482","Guptapara","Village Panchayat","South Andamans","Ferrargunj","1540661","7","Manglutan-1",""
"529","234482","Guptapara","Village Panchayat","South Andamans","Ferrargunj","1540662","8","Manglutan-2",""
"530","234482","Guptapara","Village Panchayat","South Andamans","Ferrargunj","1540663","9","Manglutan-3",""
"531","234482","Guptapara","Village Panchayat","South Andamans","Ferrargunj","1540664","10","Manglutan-4",""
"532","234482","Guptapara","Village Panchayat","South Andamans","Ferrargunj","1540665","11","Manglutan-5",""
"533","234483","Hopetown","Village Panchayat","South Andamans","Ferrargunj","1541573","1","Hopetown-1",""
"534","234483","Hopetown","Village Panchayat","South Andamans","Ferrargunj","1541574","2","Hopetown-2",""
"535","234483","Hopetown","Village Panchayat","South Andamans","Ferrargunj","1541575","3","Hopetown-3",""
"536","234483","Hopetown","Village Panchayat","South Andamans","Ferrargunj","1541576","4","Northbay-1",""
"537","234483","Hopetown","Village Panchayat","South Andamans","Ferrargunj","1541577","5","Northbay-2",""
"538","234483","Hopetown","Village Panchayat","South Andamans","Ferrargunj","1541578","6","Northbay-3",""
"539","234483","Hopetown","Village Panchayat","South Andamans","Ferrargunj","1541579","7","Bambooflat-1",""
"540","234483","Hopetown","Village Panchayat","South Andamans","Ferrargunj","1541580","8","Bambooflat-2",""
"541","234484","Humfreygunj","Village Panchayat","South Andamans","Ferrargunj","1541945","1","Humfrygunj 1","Humfrygunj-1"
"542","234484","Humfreygunj","Village Panchayat","South Andamans","Ferrargunj","1541946","2","Humfrygunj 2","Humfrygunj-2"
"543","234484","Humfreygunj","Village Panchayat","South Andamans","Ferrargunj","1541947","3","Humfrygunj-3","Humfrygunj-3"
"544","234484","Humfreygunj","Village Panchayat","South Andamans","Ferrargunj","1541948","4","Mangultan-1","Mangultan-1"
"545","234484","Humfreygunj","Village Panchayat","South Andamans","Ferrargunj","1541949","5","Mangultan-2","Mangultan-2"
"546","234484","Humfreygunj","Village Panchayat","South Andamans","Ferrargunj","1541950","6","Dhanikari-1","Dhanikari-1"
"547","234484","Humfreygunj","Village Panchayat","South Andamans","Ferrargunj","1541951","7","Dhanikari-2","Dhanikari-2"
"548","234484","Humfreygunj","Village Panchayat","South Andamans","Ferrargunj","1541952","8","Dhanikari-3","Dhanikari-3"
"549","273035","Kanyapuram","Village Panchayat","South Andamans","Ferrargunj","1551875","1","Kanayapuram 1",""
"550","273035","Kanyapuram","Village Panchayat","South Andamans","Ferrargunj","1551876","2","Kanayapuram 2",""
"551","273035","Kanyapuram","Village Panchayat","South Andamans","Ferrargunj","1551877","3","Kanayapuram 3",""
"552","273035","Kanyapuram","Village Panchayat","South Andamans","Ferrargunj","1551878","4","Kanayapuram 4",""
"553","273035","Kanyapuram","Village Panchayat","South Andamans","Ferrargunj","1551879","5","Kanayapuram 5",""
"554","273035","Kanyapuram","Village Panchayat","South Andamans","Ferrargunj","1551880","6","Wimberlygunj 1",""
"555","273035","Kanyapuram","Village Panchayat","South Andamans","Ferrargunj","1551881","7","Wimberlygunj 2",""
"556","273035","Kanyapuram","Village Panchayat","South Andamans","Ferrargunj","1551882","8","Wimberlygunj 3",""
"557","273035","Kanyapuram","Village Panchayat","South Andamans","Ferrargunj","1551883","9","Wimberlygunj 4",""
"558","234485","Mannarghat","Village Panchayat","South Andamans","Ferrargunj","1542715","1","Mannarghat-1",""
"559","234485","Mannarghat","Village Panchayat","South Andamans","Ferrargunj","1542716","2","Mannarghat-2",""
"560","234485","Mannarghat","Village Panchayat","South Andamans","Ferrargunj","1542717","3","Mannarghat-3",""
"561","234485","Mannarghat","Village Panchayat","South Andamans","Ferrargunj","1542718","4","Mannarghat-4",""
"562","234485","Mannarghat","Village Panchayat","South Andamans","Ferrargunj","1542719","5","Mannarghat-5",""
"563","234485","Mannarghat","Village Panchayat","South Andamans","Ferrargunj","1542720","6","Wright Myo-1",""
"564","234485","Mannarghat","Village Panchayat","South Andamans","Ferrargunj","1542721","7","Wright Myo-2",""
"565","234485","Mannarghat","Village Panchayat","South Andamans","Ferrargunj","1542722","8","Wright Myo-3",""
"566","234485","Mannarghat","Village Panchayat","South Andamans","Ferrargunj","1542723","9","Malapuram-1",""
"567","234485","Mannarghat","Village Panchayat","South Andamans","Ferrargunj","1542724","10","Malapuram-2",""
"568","234486","Mithakhari","Village Panchayat","South Andamans","Ferrargunj","1543356","1","Muslim Basthi",""
"569","234486","Mithakhari","Village Panchayat","South Andamans","Ferrargunj","1543357","2","Ograbraj-1",""
"570","234486","Mithakhari","Village Panchayat","South Andamans","Ferrargunj","1543358","3","Ograbraj-2",""
"571","234486","Mithakhari","Village Panchayat","South Andamans","Ferrargunj","1543359","4","Ograbraj-3",""
"572","234486","Mithakhari","Village Panchayat","South Andamans","Ferrargunj","1543360","5","Ograbraj-4",""
"573","234486","Mithakhari","Village Panchayat","South Andamans","Ferrargunj","1543361","6","Ograbraj-5",""
"574","234486","Mithakhari","Village Panchayat","South Andamans","Ferrargunj","1543362","7","Mithakhari-1",""
"575","234486","Mithakhari","Village Panchayat","South Andamans","Ferrargunj","1543363","8","Mithakhari-2",""
"576","234486","Mithakhari","Village Panchayat","South Andamans","Ferrargunj","1543364","9","Mithakhari-3",""
"577","234486","Mithakhari","Village Panchayat","South Andamans","Ferrargunj","1543365","10","Mithakhari-4",""
"578","234486","Mithakhari","Village Panchayat","South Andamans","Ferrargunj","1543366","11","Mithakhari-5",""
"579","234486","Mithakhari","Village Panchayat","South Andamans","Ferrargunj","2993987","12","Mithakhari -6",""
"580","234487","Namunaghar","Village Panchayat","South Andamans","Ferrargunj","1543430","1","Namunaghar-1",""
"581","234487","Namunaghar","Village Panchayat","South Andamans","Ferrargunj","1543431","2","Namunaghar-2",""
"582","234487","Namunaghar","Village Panchayat","South Andamans","Ferrargunj","1543432","3","Namunaghar-3",""
"583","234487","Namunaghar","Village Panchayat","South Andamans","Ferrargunj","1543433","4","Namunaghar-4",""
"584","234487","Namunaghar","Village Panchayat","South Andamans","Ferrargunj","1543434","5","Namunaghar-5",""
"585","234487","Namunaghar","Village Panchayat","South Andamans","Ferrargunj","1543435","6","Namunaghar-6",""
"586","234487","Namunaghar","Village Panchayat","South Andamans","Ferrargunj","1543436","7","Dunduspoint-1",""
"587","234487","Namunaghar","Village Panchayat","South Andamans","Ferrargunj","1543437","8","Dunduspoint-2",""
"588","234487","Namunaghar","Village Panchayat","South Andamans","Ferrargunj","1543438","9","Dunduspoint-3",""
"589","234488","Shoal Bay","Village Panchayat","South Andamans","Ferrargunj","1543485","1","Shoalbay-1",""
"590","234488","Shoal Bay","Village Panchayat","South Andamans","Ferrargunj","1543486","2","Shoalbay-2",""
"591","234488","Shoal Bay","Village Panchayat","South Andamans","Ferrargunj","1543487","3","Shoalbay-3",""
"592","234488","Shoal Bay","Village Panchayat","South Andamans","Ferrargunj","1543488","4","Shoalbay-4",""
"593","234488","Shoal Bay","Village Panchayat","South Andamans","Ferrargunj","1543489","5","Shoalbay-5",""
"594","234488","Shoal Bay","Village Panchayat","South Andamans","Ferrargunj","1543490","6","Shoalbay-6",""
"595","234488","Shoal Bay","Village Panchayat","South Andamans","Ferrargunj","1543491","7","Shoalbay-7",""
"596","234488","Shoal Bay","Village Panchayat","South Andamans","Ferrargunj","1543492","8","Shoalbay-8",""
"597","234489","Shorepoint","Village Panchayat","South Andamans","Ferrargunj","1544030","1","Shorepoint-1",""
"598","234489","Shorepoint","Village Panchayat","South Andamans","Ferrargunj","1544031","2","Shorepoint-2",""
"599","234489","Shorepoint","Village Panchayat","South Andamans","Ferrargunj","1544032","3","Shorepoint-3",""
"600","234489","Shorepoint","Village Panchayat","South Andamans","Ferrargunj","1544033","4","Shorepoint-4",""
"601","234489","Shorepoint","Village Panchayat","South Andamans","Ferrargunj","1544034","5","Shorepoint-5",""
"602","234489","Shorepoint","Village Panchayat","South Andamans","Ferrargunj","1544035","6","Shorepoint-6",""
"603","234489","Shorepoint","Village Panchayat","South Andamans","Ferrargunj","1544036","7","Shorepoint-7",""
"604","234489","Shorepoint","Village Panchayat","South Andamans","Ferrargunj","1544037","8","Shorepoint-8",""
"605","234489","Shorepoint","Village Panchayat","South Andamans","Ferrargunj","1544038","9","Shorepoint-9",""
"606","234490","Stewartgunj","Village Panchayat","South Andamans","Ferrargunj","1544119","1","Stewartgunj-1",""
"607","234490","Stewartgunj","Village Panchayat","South Andamans","Ferrargunj","1544120","2","Stewartgunj-2",""
"608","234490","Stewartgunj","Village Panchayat","South Andamans","Ferrargunj","1544121","3","Stewartgunj-3",""
"609","234490","Stewartgunj","Village Panchayat","South Andamans","Ferrargunj","1544122","4","Stewartgunj-4",""
"610","234490","Stewartgunj","Village Panchayat","South Andamans","Ferrargunj","1544123","5","Govindapuram-1",""
"611","234490","Stewartgunj","Village Panchayat","South Andamans","Ferrargunj","1544124","6","Govindapuram-2",""
"612","234490","Stewartgunj","Village Panchayat","South Andamans","Ferrargunj","1544125","7","Bambooflat-1",""
"613","234490","Stewartgunj","Village Panchayat","South Andamans","Ferrargunj","1544126","8","Bambooflat-2",""
"614","234490","Stewartgunj","Village Panchayat","South Andamans","Ferrargunj","1544127","9","Bambooflat-3",""
"615","234490","Stewartgunj","Village Panchayat","South Andamans","Ferrargunj","1544128","10","Bambooflat-4",""
"616","234491","Tushnabad","Village Panchayat","South Andamans","Ferrargunj","1550736","1","Tushnabad 1",""
"617","234491","Tushnabad","Village Panchayat","South Andamans","Ferrargunj","1550737","2","Tushnabad 2",""
"618","234491","Tushnabad","Village Panchayat","South Andamans","Ferrargunj","1550738","3","Tushnabad 3",""
"619","234491","Tushnabad","Village Panchayat","South Andamans","Ferrargunj","1550739","4","Tushnabad 4",""
"620","234491","Tushnabad","Village Panchayat","South Andamans","Ferrargunj","1550740","5","Tushnabad 5",""
"621","234491","Tushnabad","Village Panchayat","South Andamans","Ferrargunj","1550741","6","Tushnabad 6",""
"622","234491","Tushnabad","Village Panchayat","South Andamans","Ferrargunj","1550742","7","Habdipur 1",""
"623","234491","Tushnabad","Village Panchayat","South Andamans","Ferrargunj","1550743","8","Habdipur 2",""
"624","273037","Wandoor","Village Panchayat","South Andamans","Ferrargunj","1548114","1","Wandoor 1",""
"625","273037","Wandoor","Village Panchayat","South Andamans","Ferrargunj","1548115","2","Wandoor 2",""
"626","273037","Wandoor","Village Panchayat","South Andamans","Ferrargunj","1548116","3","Wandoor 3",""
"627","273037","Wandoor","Village Panchayat","South Andamans","Ferrargunj","1548117","4","Wandoor 4",""
"628","273037","Wandoor","Village Panchayat","South Andamans","Ferrargunj","1548118","5","Hasmathabad 1",""
"629","273037","Wandoor","Village Panchayat","South Andamans","Ferrargunj","1548119","6","Hasmathabad 2",""
"630","273037","Wandoor","Village Panchayat","South Andamans","Ferrargunj","1548120","7","Maymyo",""
"631","273037","Wandoor","Village Panchayat","South Andamans","Ferrargunj","1548121","8","Lohabarik",""
"632","234492","Wimberlygunj","Village Panchayat","South Andamans","Ferrargunj","1544924","1","Wimberlygunj 1",""
"633","234492","Wimberlygunj","Village Panchayat","South Andamans","Ferrargunj","1544925","2","Wimberlygunj 2",""
"634","234492","Wimberlygunj","Village Panchayat","South Andamans","Ferrargunj","1544926","3","Wimberlygunj 3",""
"635","234492","Wimberlygunj","Village Panchayat","South Andamans","Ferrargunj","1544927","4","Wimberlygunj 4",""
"636","234492","Wimberlygunj","Village Panchayat","South Andamans","Ferrargunj","1544928","5","Wimberlygunj 5",""
"637","234492","Wimberlygunj","Village Panchayat","South Andamans","Ferrargunj","1544929","6","Wimberlygunj 6",""
"638","234492","Wimberlygunj","Village Panchayat","South Andamans","Ferrargunj","1544930","7","Wimberlygunj 7",""
"639","234492","Wimberlygunj","Village Panchayat","South Andamans","Ferrargunj","1544931","8","Wimberlygunj 8",""
"640","234492","Wimberlygunj","Village Panchayat","South Andamans","Ferrargunj","1544932","9","Wimberlygunj 9",""
"641","234493","Hutbay","Village Panchayat","South Andamans","Little Andaman","1431743","1","Hutbay1",""
"642","234493","Hutbay","Village Panchayat","South Andamans","Little Andaman","1431744","2","Hutbay2",""
"643","234493","Hutbay","Village Panchayat","South Andamans","Little Andaman","1431745","3","Hutbay3",""
"644","234493","Hutbay","Village Panchayat","South Andamans","Little Andaman","1431746","4","Hutbay4",""
"645","234493","Hutbay","Village Panchayat","South Andamans","Little Andaman","1431747","5","Hutbay5",""
"646","234493","Hutbay","Village Panchayat","South Andamans","Little Andaman","1431748","6","Hutbay6",""
"647","234493","Hutbay","Village Panchayat","South Andamans","Little Andaman","1431749","7","Hutbay7",""
"648","234493","Hutbay","Village Panchayat","South Andamans","Little Andaman","1431750","8","Hutbay8",""
"649","234493","Hutbay","Village Panchayat","South Andamans","Little Andaman","1431751","9","Hutbay9",""
"650","234493","Hutbay","Village Panchayat","South Andamans","Little Andaman","1431752","10","Hutbay10",""
"651","234493","Hutbay","Village Panchayat","South Andamans","Little Andaman","1431753","11","Hutbay11",""
"652","234493","Hutbay","Village Panchayat","South Andamans","Little Andaman","1431754","12","Hutbay12",""
"653","234493","Hutbay","Village Panchayat","South Andamans","Little Andaman","1431755","13","Hutbay13",""
"654","234493","Hutbay","Village Panchayat","South Andamans","Little Andaman","1431756","14","Hutbay14",""
"655","234494","Netajinagar","Village Panchayat","South Andamans","Little Andaman","1431757","1","Netajinagar-1",""
"656","234494","Netajinagar","Village Panchayat","South Andamans","Little Andaman","1431758","2","Netajinagar-2",""
"657","234494","Netajinagar","Village Panchayat","South Andamans","Little Andaman","1431759","3","Netajinagar-3",""
"658","234494","Netajinagar","Village Panchayat","South Andamans","Little Andaman","1431760","4","Netajinagar-4",""
"659","234494","Netajinagar","Village Panchayat","South Andamans","Little Andaman","1431761","5","Hutbay Netajinagar-1",""
"660","234494","Netajinagar","Village Panchayat","South Andamans","Little Andaman","1431762","6","Hutbay Netajinagar-2",""
"661","234494","Netajinagar","Village Panchayat","South Andamans","Little Andaman","1431763","7","Hutbay Netajinagar-3",""
"662","234494","Netajinagar","Village Panchayat","South Andamans","Little Andaman","1431764","8","Hutbay Netajinagar-4",""
"663","234494","Netajinagar","Village Panchayat","South Andamans","Little Andaman","1431765","9","Hutbay Netajinagar-5",""
"664","234494","Netajinagar","Village Panchayat","South Andamans","Little Andaman","1431766","10","Hutbay Netajinagar-6",""
"665","234494","Netajinagar","Village Panchayat","South Andamans","Little Andaman","1431767","11","Hutbay Netajinagar-7",""
"666","234494","Netajinagar","Village Panchayat","South Andamans","Little Andaman","3014425","12","Hutbay Netajinagar-8",""
"667","234494","Netajinagar","Village Panchayat","South Andamans","Little Andaman","3014426","13","Hutbay Netajinagar-9",""
"668","272913","Rabindranagar","Village Panchayat","South Andamans","Little Andaman","1462785","1","Rabindranagar-1",""
"669","272913","Rabindranagar","Village Panchayat","South Andamans","Little Andaman","1462786","2","Rabindranagar-2",""
"670","272913","Rabindranagar","Village Panchayat","South Andamans","Little Andaman","1462787","3","Rabindranagar-3",""
"671","272913","Rabindranagar","Village Panchayat","South Andamans","Little Andaman","1462788","4","Rabindranagar-4",""
"672","272913","Rabindranagar","Village Panchayat","South Andamans","Little Andaman","1462789","5","Rabindranagar-5",""
"673","272913","Rabindranagar","Village Panchayat","South Andamans","Little Andaman","1462790","6","Rabindranagar-6",""
"674","272913","Rabindranagar","Village Panchayat","South Andamans","Little Andaman","1462791","7","Rabindranagar-7",""
"675","272913","Rabindranagar","Village Panchayat","South Andamans","Little Andaman","1462792","8","Rabindranagar-8",""
"676","234495","Ramkrishnapur","Village Panchayat","South Andamans","Little Andaman","1431768","1","Ramakrishnapur-1",""
"677","234495","Ramkrishnapur","Village Panchayat","South Andamans","Little Andaman","1431769","2","Ramakrishnapur-2",""
"678","234495","Ramkrishnapur","Village Panchayat","South Andamans","Little Andaman","1431770","3","Ramakrishnapur-3",""
"679","234495","Ramkrishnapur","Village Panchayat","South Andamans","Little Andaman","1431771","4","Ramakrishnapur-4",""
"680","234495","Ramkrishnapur","Village Panchayat","South Andamans","Little Andaman","1431772","5","Ramakrishnapur-5",""
"681","234495","Ramkrishnapur","Village Panchayat","South Andamans","Little Andaman","1431773","6","Ramakrishnapur-6",""
"682","234495","Ramkrishnapur","Village Panchayat","South Andamans","Little Andaman","1431774","7","Ramakrishnapur-7",""
"683","234495","Ramkrishnapur","Village Panchayat","South Andamans","Little Andaman","1431775","8","Ramakrishnapur-8",""
"684","234495","Ramkrishnapur","Village Panchayat","South Andamans","Little Andaman","1431776","9","Ramakrishnapur-9",""
"685","234495","Ramkrishnapur","Village Panchayat","South Andamans","Little Andaman","1431777","10","Ramakrishnapur-10",""
"686","234495","Ramkrishnapur","Village Panchayat","South Andamans","Little Andaman","1431778","11","Ramakrishnapur-11",""
"687","234495","Ramkrishnapur","Village Panchayat","South Andamans","Little Andaman","3014423","12","Ramakrishnapur-12",""
"688","234495","Ramkrishnapur","Village Panchayat","South Andamans","Little Andaman","3014424","13","Ramakrishnapur-13",""
"689","234496","Vivekanandapur","Village Panchayat","South Andamans","Little Andaman","1431779","1","Vivekanandapur-1",""
"690","234496","Vivekanandapur","Village Panchayat","South Andamans","Little Andaman","1431780","2","Vivekanandapur-2",""
"691","234496","Vivekanandapur","Village Panchayat","South Andamans","Little Andaman","1431781","3","Vivekanandapur-3",""
"692","234496","Vivekanandapur","Village Panchayat","South Andamans","Little Andaman","1431782","4","Vivekanandapur-4",""
"693","234496","Vivekanandapur","Village Panchayat","South Andamans","Little Andaman","1431783","5","Vivekanandapur-5",""
"694","234496","Vivekanandapur","Village Panchayat","South Andamans","Little Andaman","1431784","6","Vivekanandapur-6",""
"695","234496","Vivekanandapur","Village Panchayat","South Andamans","Little Andaman","1431785","7","Vivekanandapur-7",""
"696","234496","Vivekanandapur","Village Panchayat","South Andamans","Little Andaman","1431786","8","Vivekanandapur-8",""
"697","234505","Beodnabad","Village Panchayat","South Andamans","Prothrapur","1218439","1","Beodnabad","Beodnabad"
"698","234505","Beodnabad","Village Panchayat","South Andamans","Prothrapur","1218440","2","Beodnabad 1","Beodnabad 1"
"699","234505","Beodnabad","Village Panchayat","South Andamans","Prothrapur","1218441","3","Beodnabad 2","Beodnabad 2"
"700","234505","Beodnabad","Village Panchayat","South Andamans","Prothrapur","1218442","4","Beodnabad 3","Beodnabad 3"
"701","234505","Beodnabad","Village Panchayat","South Andamans","Prothrapur","1218443","5","Rangachang 1","Rangachang 1"
"702","234505","Beodnabad","Village Panchayat","South Andamans","Prothrapur","1218444","6","Rangachang 2","Rangachang 2"
"703","234505","Beodnabad","Village Panchayat","South Andamans","Prothrapur","1218445","7","Rangachang 3","Rangachang 3"
"704","234505","Beodnabad","Village Panchayat","South Andamans","Prothrapur","1218446","8","Rangachang 4","Rangachang 4"
"705","234505","Beodnabad","Village Panchayat","South Andamans","Prothrapur","1218447","9","Rangachang 5","Rangachang 5"
"706","234505","Beodnabad","Village Panchayat","South Andamans","Prothrapur","1218448","10","Chidiyatapu 1","Chidiyatapu 1"
"707","234505","Beodnabad","Village Panchayat","South Andamans","Prothrapur","1218449","11","Chidiyatapu 2","Chidiyatapu 2"
"708","234505","Beodnabad","Village Panchayat","South Andamans","Prothrapur","1218450","12","Rutland 1","Rutland 1"
"709","234505","Beodnabad","Village Panchayat","South Andamans","Prothrapur","1218451","13","Rutland 2","Rutland 2"
"710","234505","Beodnabad","Village Panchayat","South Andamans","Prothrapur","1218452","14","Rutland 3","Rutland 3"
"711","272914","Calicut","Village Panchayat","South Andamans","Prothrapur","1424153","1","Calicut Ward No 1",""
"712","272914","Calicut","Village Panchayat","South Andamans","Prothrapur","1424154","2","Calicut Ward No 2",""
"713","272914","Calicut","Village Panchayat","South Andamans","Prothrapur","1424155","3","Calicut Ward No 3",""
"714","272914","Calicut","Village Panchayat","South Andamans","Prothrapur","1424156","4","Calicut Ward No 4",""
"715","272914","Calicut","Village Panchayat","South Andamans","Prothrapur","1424157","5","Calicut Ward No 5",""
"716","272914","Calicut","Village Panchayat","South Andamans","Prothrapur","1424158","6","Calicut Ward No 6",""
"717","272914","Calicut","Village Panchayat","South Andamans","Prothrapur","1424159","7","Calicut Ward No 7",""
"718","272914","Calicut","Village Panchayat","South Andamans","Prothrapur","1424160","8","Calicut Ward No 8",""
"719","234510","Govindnagar","Village Panchayat","South Andamans","Prothrapur","1424187","1","Govindnagar-1",""
"720","234510","Govindnagar","Village Panchayat","South Andamans","Prothrapur","1424188","2","Govindnagar-2",""
"721","234510","Govindnagar","Village Panchayat","South Andamans","Prothrapur","1424189","3","Govindnagar-3",""
"722","234510","Govindnagar","Village Panchayat","South Andamans","Prothrapur","1424190","4","Govindnagar-4",""
"723","234510","Govindnagar","Village Panchayat","South Andamans","Prothrapur","1424191","5","Govindnagar-5",""
"724","234510","Govindnagar","Village Panchayat","South Andamans","Prothrapur","1424192","6","Govindnagar-6",""
"725","234510","Govindnagar","Village Panchayat","South Andamans","Prothrapur","1424193","7","Govindnagar-7",""
"726","234510","Govindnagar","Village Panchayat","South Andamans","Prothrapur","1424194","8","Govindnagar-8",""
"727","234510","Govindnagar","Village Panchayat","South Andamans","Prothrapur","1424195","9","Vijaynagar-1",""
"728","234510","Govindnagar","Village Panchayat","South Andamans","Prothrapur","1424196","10","Vijaynagar-2",""
"729","234510","Govindnagar","Village Panchayat","South Andamans","Prothrapur","1424197","11","Vijaynagar-3",""
"730","234511","Neil Island","Village Panchayat","South Andamans","Prothrapur","1218454","2","Laxmanpur 1","Laxmanpur 1"
"731","234511","Neil Island","Village Panchayat","South Andamans","Prothrapur","1218455","3","Laxmanpur 2","Laxmanpur 2"
"732","234511","Neil Island","Village Panchayat","South Andamans","Prothrapur","1218456","4","Neil Kendra 1","Neil kendra 1"
"733","234511","Neil Island","Village Panchayat","South Andamans","Prothrapur","1218457","5","Neil Kendra 2","Neil kendra 2"
"734","234511","Neil Island","Village Panchayat","South Andamans","Prothrapur","1218458","6","Neil Kendra 3","Neil kendra 3"
"735","234511","Neil Island","Village Panchayat","South Andamans","Prothrapur","1218459","7","Neil Kendra 4","Neil kendra 4"
"736","234511","Neil Island","Village Panchayat","South Andamans","Prothrapur","1218460","8","Ramnagar 1","Ramnagar 1"
"737","234511","Neil Island","Village Panchayat","South Andamans","Prothrapur","1218461","9","Ramnagar 2","Ramnagar 2"
"738","234511","Neil Island","Village Panchayat","South Andamans","Prothrapur","1218462","10","Bharatpur 1","Bharatpur 1"
"739","234511","Neil Island","Village Panchayat","South Andamans","Prothrapur","1218463","11","Bharatpur 2","Bharatpur 2"
"740","234511","Neil Island","Village Panchayat","South Andamans","Prothrapur","1218464","12","Sitapur","Sitapur"
"741","234514","Shyamnagar","Village Panchayat","South Andamans","Prothrapur","1424302","Ward No 1","Shyam Nagar 1","Shyam Nagar 1"
"742","234514","Shyamnagar","Village Panchayat","South Andamans","Prothrapur","1424303","Ward No 2","Shyam Nagar 2","Shyam Nagar 1"
"743","234514","Shyamnagar","Village Panchayat","South Andamans","Prothrapur","1424304","Ward No 3","Shyam Nagar 3","Shyam Nagar 3"
"744","234514","Shyamnagar","Village Panchayat","South Andamans","Prothrapur","1424305","Ward No 4","Krishnanagar 1","Krishnanagar 1"
"745","234514","Shyamnagar","Village Panchayat","South Andamans","Prothrapur","1424306","Ward No 5","Krishnanagar 2","Krishnanagar 2"
"746","234514","Shyamnagar","Village Panchayat","South Andamans","Prothrapur","1424307","Ward No 6","Krishnanagar 3","Krishnanagar 3"
"747","234514","Shyamnagar","Village Panchayat","South Andamans","Prothrapur","1424308","Ward No 7","Radhanagar 1","Radhanagar 1"
"748","234514","Shyamnagar","Village Panchayat","South Andamans","Prothrapur","1424309","Ward No 8","Radhanagar 2","Radhanagar 2"
"749","234513","Sippighat","Village Panchayat","South Andamans","Prothrapur","1235476","1","Sippighat","Sippighat"
"750","234513","Sippighat","Village Panchayat","South Andamans","Prothrapur","1235477","2","Sippighat - 1","Sippighat - 1"
"751","234513","Sippighat","Village Panchayat","South Andamans","Prothrapur","1235478","3","Sippighat - 2","Sippighat - 2"
"752","234513","Sippighat","Village Panchayat","South Andamans","Prothrapur","1235479","4","Sippighat - 3","Sippighat - 3"
"753","234513","Sippighat","Village Panchayat","South Andamans","Prothrapur","1235480","5","Bimblitan - 1","Bimblitan - 1"
"754","234513","Sippighat","Village Panchayat","South Andamans","Prothrapur","1235481","6","Bimblitan - 2","Bimblitan - 2"
"755","234513","Sippighat","Village Panchayat","South Andamans","Prothrapur","1235482","7","Bimblitan - 3","Bimblitan - 3"
"756","234513","Sippighat","Village Panchayat","South Andamans","Prothrapur","1235483","8","Bimblitan - 4","Bimblitan - 4"
"757","234513","Sippighat","Village Panchayat","South Andamans","Prothrapur","1235484","9","Teylerabad - 1","Teylerabad - 1"
"758","234513","Sippighat","Village Panchayat","South Andamans","Prothrapur","1235485","10","Teylerabad - 2","Teylerabad - 2"
"759","234513","Sippighat","Village Panchayat","South Andamans","Prothrapur","1235486","11","Teylerabad - 3","Teylerabad - 3"
"760","234513","Sippighat","Village Panchayat","South Andamans","Prothrapur","1235487","12","Teylerabad - 4","Teylerabad - 4"