"S.No.","District Code","District Name","Sub-District Code","Sub-District Name","Village Code","Village Version","Village Name","Village Name","Village Category","Village Status","Census 2001 Code","Census 2011 Code"
"1","603","Nicobars","5916","Car Nicobar","645015","1","Arong","","Rural","Inhabitant","00036000","645015"
"2","603","Nicobars","5916","Car Nicobar","645025","1","Big Lapati","","Rural","Inhabitant","00037000","645025"
"3","603","Nicobars","5916","Car Nicobar","645023","1","Chuckchucha","","Rural","Inhabitant","00036800","645023"
"4","603","Nicobars","5916","Car Nicobar","645018","1","Iaf Camp","","Rural","Inhabitant","00036300","645018"
"5","603","Nicobars","5916","Car Nicobar","645017","1","Kakana","","Rural","Inhabitant","00036200","645017"
"6","603","Nicobars","5916","Car Nicobar","645016","1","Kimois","","Rural","Inhabitant","00036100","645016"
"7","603","Nicobars","5916","Car Nicobar","645027","1","Kinmai","","Rural","Inhabitant","00037200","645027"
"8","603","Nicobars","5916","Car Nicobar","645022","1","Kinyuka","","Rural","Inhabitant","00036700","645022"
"9","603","Nicobars","5916","Car Nicobar","645019","1","Malacca","","Rural","Inhabitant","00036400","645019"
"10","603","Nicobars","5916","Car Nicobar","645012","1","Mus","","Rural","Inhabitant","00035700","645012"
"11","603","Nicobars","5916","Car Nicobar","645020","1","Perka","","Rural","Inhabitant","00036500","645020"
"12","603","Nicobars","5916","Car Nicobar","645014","1","Sawai","","Rural","Inhabitant","00035900","645014"
"13","603","Nicobars","5916","Car Nicobar","645026","1","Small Lapati","","Rural","Inhabitant","00037100","645026"
"14","603","Nicobars","5916","Car Nicobar","645021","1","Tamaloo","","Rural","Inhabitant","00036600","645021"
"15","603","Nicobars","5916","Car Nicobar","645024","1","Tapoiming","","Rural","Inhabitant","00036900","645024"
"16","603","Nicobars","5916","Car Nicobar","645013","1","Teetop","","Rural","Inhabitant","00035800","645013"
"17","603","Nicobars","5918","Great Nicobar","645196","1","7 Km Farm","","Rural","Inhabitant","00053600","645196"
"18","603","Nicobars","5918","Great Nicobar","645166","1","Afra Bay","","Rural","Inhabitant","","645166"
"19","603","Nicobars","5918","Great Nicobar","645144","1","Akupa","","Rural","Un-Inhabitant","00048500","645144"
"20","603","Nicobars","5918","Great Nicobar","645168","1","Alexandera River","","Rural","Un-Inhabitant","00050800","645168"
"21","603","Nicobars","5918","Great Nicobar","645142","1","Anul/Anula","","Rural","Un-Inhabitant","00048300","645142"
"22","603","Nicobars","5918","Great Nicobar","645169","1","Ayouk","","Rural","Un-Inhabitant","00050900","645169"
"23","603","Nicobars","5918","Great Nicobar","645162","1","Bahua","","Rural","Un-Inhabitant","00050300","645162"
"24","603","Nicobars","5918","Great Nicobar","645148","1","Bewai/Kuwak","","Rural","Inhabitant","00048900","645148"
"25","603","Nicobars","5918","Great Nicobar","645200","1","Campbell Bay","","Rural","Inhabitant","00054000","645200"
"26","603","Nicobars","5918","Great Nicobar","645204","1","Chaw Nallaha","","Rural","Un-Inhabitant","00054400","645204"
"27","603","Nicobars","5918","Great Nicobar","645189","1","Chingen (Incl.Fc At Magar Nalla","","Rural","Un-Inhabitant","00052900","645189"
"28","603","Nicobars","5918","Great Nicobar","645167","1","Dairkurat","","Rural","Un-Inhabitant","00050700","645167"
"29","603","Nicobars","5918","Great Nicobar","645184","1","Dakhiyon (Fc)","","Rural","Un-Inhabitant","00052400","645184"
"30","603","Nicobars","5918","Great Nicobar","645179","1","Danlet","","Rural","Un-Inhabitant","00051900","645179"
"31","603","Nicobars","5918","Great Nicobar","645174","1","Dogmar River","","Rural","Un-Inhabitant","00051400","645174"
"32","603","Nicobars","5918","Great Nicobar","645159","1","Elahi/Ilhoya","","Rural","Un-Inhabitant","00050000","645159"
"33","603","Nicobars","5918","Great Nicobar","645190","1","Galathia River (Fc)","","Rural","Un-Inhabitant","00053000","645190"
"34","603","Nicobars","5918","Great Nicobar","645192","1","Gandhi Nagar","","Rural","Inhabitant","00053200","645192"
"35","603","Nicobars","5918","Great Nicobar","645205","1","Gol Tikrey","","Rural","Un-Inhabitant","","645205"
"36","603","Nicobars","5918","Great Nicobar","645199","1","Govinda Nagar","","Rural","Inhabitant","00053900","645199"
"37","603","Nicobars","5918","Great Nicobar","645182","1","Hin-Pou-Chi","","Rural","Un-Inhabitant","00052200","645182"
"38","603","Nicobars","5918","Great Nicobar","645151","1","Hoin Incl. Ikuia","","Rural","Un-Inhabitant","00049200","645151"
"39","603","Nicobars","5918","Great Nicobar","645154","1","Hokesiang","","Rural","Un-Inhabitant","00049500","645154"
"40","603","Nicobars","5918","Great Nicobar","645188","1","Indira Point","","Rural","Un-Inhabitant","00052800","645188"
"41","603","Nicobars","5918","Great Nicobar","645186","1","In-Hig-Loi","","Rural","Un-Inhabitant","00052600","645186"
"42","603","Nicobars","5918","Great Nicobar","645145","1","Inlock/Infock","","Rural","Un-Inhabitant","00048600","645145"
"43","603","Nicobars","5918","Great Nicobar","645157","1","Inlock/Pattia","","Rural","Un-Inhabitant","00049800","645157"
"44","603","Nicobars","5918","Great Nicobar","645160","1","Inod","","Rural","Un-Inhabitant","00050100","645160"
"45","603","Nicobars","5918","Great Nicobar","645195","1","Joginder Nagar","","Rural","Inhabitant","00053500","645195"
"46","603","Nicobars","5918","Great Nicobar","645177","1","Kasintung","","Rural","Un-Inhabitant","00051700","645177"
"47","603","Nicobars","5918","Great Nicobar","645165","1","Katahu","","Rural","Un-Inhabitant","00050600","645165"
"48","603","Nicobars","5918","Great Nicobar","645149","1","Kiyang","","Rural","Un-Inhabitant","00049000","645149"
"49","603","Nicobars","5918","Great Nicobar","645178","1","Koe","","Rural","Un-Inhabitant","00051800","645178"
"50","603","Nicobars","5918","Great Nicobar","645183","1","Kokeon","","Rural","Un-Inhabitant","00052300","645183"
"51","603","Nicobars","5918","Great Nicobar","645163","3","Kondul","","Rural","Un-Inhabitant","00050400","645163"
"52","603","Nicobars","5918","Great Nicobar","645175","1","Kopenheat","","Rural","Un-Inhabitant","00051500","645175"
"53","603","Nicobars","5918","Great Nicobar","645210","1","Lanaya","","Rural","Un-Inhabitant","","645210"
"54","603","Nicobars","5918","Great Nicobar","645207","1","Lawful","","Rural","Un-Inhabitant","00054600","645207"
"55","603","Nicobars","5918","Great Nicobar","645193","1","Laxmi Nagar","","Rural","Inhabitant","00053300","645193"
"56","603","Nicobars","5918","Great Nicobar","645143","1","Makhahu/Makachua","","Rural","Inhabitant","00048400","645143"
"57","603","Nicobars","5918","Great Nicobar","645141","1","Minlana/Minlan","","Rural","Un-Inhabitant","00048200","645141"
"58","603","Nicobars","5918","Great Nicobar","645206","1","Navy Dera","","Rural","Un-Inhabitant","00054500","645206"
"59","603","Nicobars","5918","Great Nicobar","645203","1","Not Yet Named","","Rural","Un-Inhabitant","00054300","645203"
"60","603","Nicobars","5918","Great Nicobar","645202","1","Not Yet Named","","Rural","Un-Inhabitant","00054200","645202"
"61","603","Nicobars","5918","Great Nicobar","645197","1","Not Yet Named (At 27.9 Km)-A","","Rural","Un-Inhabitant","00053700","645197"
"62","603","Nicobars","5918","Great Nicobar","645156","1","Olinchi/Bombay","","Rural","Un-Inhabitant","00049700","645156"
"63","603","Nicobars","5918","Great Nicobar","645181","1","Patatiya","","Rural","Un-Inhabitant","00052100","645181"
"64","603","Nicobars","5918","Great Nicobar","645209","1","Patisang","","Rural","Inhabitant","","645209"
"65","603","Nicobars","5918","Great Nicobar","645155","1","Pattia (Pulopattia)","","Rural","Inhabitant","00049600","645155"
"66","603","Nicobars","5918","Great Nicobar","645152","1","Pea","","Rural","Un-Inhabitant","00049300","645152"
"67","603","Nicobars","5918","Great Nicobar","645161","1","Pehayo","","Rural","Un-Inhabitant","00050200","645161"
"68","603","Nicobars","5918","Great Nicobar","645211","1","Pitayo","","Rural","Un-Inhabitant","","645211"
"69","603","Nicobars","5918","Great Nicobar","645150","1","Pulloullo/Puloulo","","Rural","Inhabitant","00049100","645150"
"70","603","Nicobars","5918","Great Nicobar","645187","1","Pulobaha","","Rural","Un-Inhabitant","00052700","645187"
"71","603","Nicobars","5918","Great Nicobar","645147","1","Pulobaha/Pathathifen","","Rural","Un-Inhabitant","00048800","645147"
"72","603","Nicobars","5918","Great Nicobar","645170","1","Pulobed","","Rural","Un-Inhabitant","00051000","645170"
"73","603","Nicobars","5918","Great Nicobar","645164","1","Pulobed/Lababu","","Rural","Un-Inhabitant","00050500","645164"
"74","603","Nicobars","5918","Great Nicobar","645180","1","Pulobhabi","","Rural","Un-Inhabitant","00052000","645180"
"75","603","Nicobars","5918","Great Nicobar","645153","1","Pulobha/Pulobahan","","Rural","Inhabitant","00049400","645153"
"76","603","Nicobars","5918","Great Nicobar","645171","1","Pulokunji","","Rural","Un-Inhabitant","00051100","645171"
"77","603","Nicobars","5918","Great Nicobar","645140","1","Pulomilo","","Rural","Inhabitant","00048100","645140"
"78","603","Nicobars","5918","Great Nicobar","645158","1","Pulopanja","","Rural","Inhabitant","00049900","645158"
"79","603","Nicobars","5918","Great Nicobar","645185","1","Pulopucca","","Rural","Un-Inhabitant","00052500","645185"
"80","603","Nicobars","5918","Great Nicobar","645146","1","Pulotalia/Pulotohio","","Rural","Un-Inhabitant","00048700","645146"
"81","603","Nicobars","5918","Great Nicobar","645201","1","Ranganathan Bay","","Rural","Un-Inhabitant","00054100","645201"
"82","603","Nicobars","5918","Great Nicobar","645173","1","Renguang","","Rural","Un-Inhabitant","00051300","645173"
"83","603","Nicobars","5918","Great Nicobar","645191","1","Sastri Nagar","","Rural","Inhabitant","00053100","645191"
"84","603","Nicobars","5918","Great Nicobar","645198","1","Shompen Hut","","Rural","Un-Inhabitant","00053800","645198"
"85","603","Nicobars","5918","Great Nicobar","645172","1","Shompen Village-A","","Rural","Un-Inhabitant","00051200","645172"
"86","603","Nicobars","5918","Great Nicobar","645176","1","Shompen Village-B","","Rural","Un-Inhabitant","00051600","645176"
"87","603","Nicobars","5918","Great Nicobar","645208","1","Trinket Bay","","Rural","Un-Inhabitant","00054700","645208"
"88","603","Nicobars","5918","Great Nicobar","645194","1","Vijoy Nagar","","Rural","Inhabitant","00053400","645194"
"89","603","Nicobars","5917","Nancowry","645030","1","Alhiat","","Rural","Inhabitant","00037500","645030"
"90","603","Nicobars","5917","Nancowry","645053","1","Alhitoth/Alhiloth*","","Rural","Un-Inhabitant","00039800","645053"
"91","603","Nicobars","5917","Nancowry","645094","1","Al-Hit-Touch/Balu Basti","","Rural","Inhabitant","00043500","645094"
"92","603","Nicobars","5917","Nancowry","645085","1","Alipa/Alips*","","Rural","Inhabitant","00042600","645085"
"93","603","Nicobars","5917","Nancowry","645052","1","Alkaipoh/Alkripoh*","","Rural","Un-Inhabitant","00039700","645052"
"94","603","Nicobars","5917","Nancowry","645115","1","Alointung*","","Rural","Un-Inhabitant","00045600","645115"
"95","603","Nicobars","5917","Nancowry","645035","1","Aloora*","","Rural","Un-Inhabitant","00038000","645035"
"96","603","Nicobars","5917","Nancowry","645034","1","Aloorang","","Rural","Inhabitant","00037900","645034"
"97","603","Nicobars","5917","Nancowry","645117","1","Alpintu/Alpintung*","","Rural","Inhabitant","00045800","645117"
"98","603","Nicobars","5917","Nancowry","645101","1","Alreak*","","Rural","Un-Inhabitant","00044200","645101"
"99","603","Nicobars","5917","Nancowry","645076","1","Alsama*","","Rural","Un-Inhabitant","00042100","645076"
"100","603","Nicobars","5917","Nancowry","645074","1","Altaful*","","Rural","Un-Inhabitant","00041900","645074"
"101","603","Nicobars","5917","Nancowry","645093","1","Altheak","","Rural","Inhabitant","00043400","645093"
"102","603","Nicobars","5917","Nancowry","645121","1","Alukian/Alhukheck","","Rural","Inhabitant","00046200","645121"
"103","603","Nicobars","5917","Nancowry","645066","1","Atkuna/Alkun*","","Rural","Un-Inhabitant","00041100","645066"
"104","603","Nicobars","5917","Nancowry","645116","1","Banderkari/Pulu","","Rural","Inhabitant","00045700","645116"
"105","603","Nicobars","5917","Nancowry","645044","1","Bengali","","Rural","Inhabitant","00038900","645044"
"106","603","Nicobars","5917","Nancowry","645129","1","Berainak/Badnak","","Rural","Inhabitant","00047000","645129"
"107","603","Nicobars","5917","Nancowry","645045","1","Bompoka Island*","","Rural","Inhabitant","00039000","645045"
"108","603","Nicobars","5917","Nancowry","645109","1","Bumpal*","","Rural","Un-Inhabitant","00045000","645109"
"109","603","Nicobars","5917","Nancowry","645096","1","Champin","","Rural","Inhabitant","00043700","645096"
"110","603","Nicobars","5917","Nancowry","645113","1","Chanel/Chanol*","","Rural","Inhabitant","00045400","645113"
"111","603","Nicobars","5917","Nancowry","645119","1","Changua/Changup","","Rural","Inhabitant","00046000","645119"
"112","603","Nicobars","5917","Nancowry","645065","1","Chengtamilan*","","Rural","Un-Inhabitant","00041000","645065"
"113","603","Nicobars","5917","Nancowry","645050","1","Chonghipoh*","","Rural","Un-Inhabitant","00039500","645050"
"114","603","Nicobars","5917","Nancowry","645029","1","Chongkamong","","Rural","Inhabitant","00037400","645029"
"115","603","Nicobars","5917","Nancowry","645059","1","Chonsiyala*","","Rural","Un-Inhabitant","00040400","645059"
"116","603","Nicobars","5917","Nancowry","645128","1","Chota Inak","","Rural","Inhabitant","00046900","645128"
"117","603","Nicobars","5917","Nancowry","645039","1","Chukmachi","","Rural","Inhabitant","00038400","645039"
"118","603","Nicobars","5917","Nancowry","645111","1","Daring","","Rural","Inhabitant","00045200","645111"
"119","603","Nicobars","5917","Nancowry","645036","1","Enam","","Rural","Inhabitant","00038100","645036"
"120","603","Nicobars","5917","Nancowry","645083","1","E-Wall","","Rural","Inhabitant","","645083"
"121","603","Nicobars","5917","Nancowry","645069","1","Hakonhala*","","Rural","Un-Inhabitant","00041400","645069"
"122","603","Nicobars","5917","Nancowry","645073","1","Halnatai/Hoinatai*","","Rural","Un-Inhabitant","00041800","645073"
"123","603","Nicobars","5917","Nancowry","645087","1","Hindra*","","Rural","Un-Inhabitant","00042800","645087"
"124","603","Nicobars","5917","Nancowry","645097","1","Hinnunga*","","Rural","Un-Inhabitant","00043800","645097"
"125","603","Nicobars","5917","Nancowry","645102","1","Hintona*","","Rural","Un-Inhabitant","00044300","645102"
"126","603","Nicobars","5917","Nancowry","645048","1","Hitlat*","","Rural","Un-Inhabitant","00039300","645048"
"127","603","Nicobars","5917","Nancowry","645136","3","Hockook*","","Rural","Un-Inhabitant","00047700","645136"
"128","603","Nicobars","5917","Nancowry","645063","1","Hoipoh*","","Rural","Un-Inhabitant","00040800","645063"
"129","603","Nicobars","5917","Nancowry","645060","1","Hontona*","","Rural","Un-Inhabitant","00040500","645060"
"130","603","Nicobars","5917","Nancowry","645057","1","Hutnyak*","","Rural","Un-Inhabitant","00040200","645057"
"131","603","Nicobars","5917","Nancowry","645123","1","Inmae*","","Rural","Un-Inhabitant","00046400","645123"
"132","603","Nicobars","5917","Nancowry","645099","1","Inroak/Chinlak*","","Rural","Un-Inhabitant","00044000","645099"
"133","603","Nicobars","5917","Nancowry","645100","1","Itoi*(Hitui)","","Rural","Inhabitant","00044100","645100"
"134","603","Nicobars","5917","Nancowry","645047","1","Jansin*","","Rural","Un-Inhabitant","00039200","645047"
"135","603","Nicobars","5917","Nancowry","645082","3","Japan Tikri","","Rural","Inhabitant","","645082"
"136","603","Nicobars","5917","Nancowry","645046","1","Jhoola*","","Rural","Inhabitant","00039100","645046"
"137","603","Nicobars","5917","Nancowry","645131","1","Kakana","","Rural","Inhabitant","00047200","645131"
"138","603","Nicobars","5917","Nancowry","645038","1","Kalara*","","Rural","Un-Inhabitant","00038300","645038"
"139","603","Nicobars","5917","Nancowry","645043","3","Kalasi","","Rural","Inhabitant","00038800","645043"
"140","603","Nicobars","5917","Nancowry","645068","1","Kalminikum/Kalmenkam*","","Rural","Un-Inhabitant","00041300","645068"
"141","603","Nicobars","5917","Nancowry","645127","1","Kamorta/Kalatapu(Incl.Sanuh)","","Rural","Inhabitant","00046800","645127"
"142","603","Nicobars","5917","Nancowry","645056","1","Kamriak*","","Rural","Inhabitant","00040100","645056"
"143","603","Nicobars","5917","Nancowry","645042","1","Kanahinot","","Rural","Inhabitant","00038700","645042"
"144","603","Nicobars","5917","Nancowry","645077","1","Kapanga*","","Rural","Un-Inhabitant","00042200","645077"
"145","603","Nicobars","5917","Nancowry","645139","1","Kapila*","","Rural","Un-Inhabitant","00048000","645139"
"146","603","Nicobars","5917","Nancowry","645110","1","Karan/Karav*","","Rural","Un-Inhabitant","00045100","645110"
"147","603","Nicobars","5917","Nancowry","645054","1","Katahuwa*","","Rural","Un-Inhabitant","00039900","645054"
"148","603","Nicobars","5917","Nancowry","645075","1","Kavatinpeu/Karahinpoh*","","Rural","Un-Inhabitant","00042000","645075"
"149","603","Nicobars","5917","Nancowry","645122","1","Knot","","Rural","Inhabitant","00046300","645122"
"150","603","Nicobars","5917","Nancowry","645134","1","Kuikua*","","Rural","Un-Inhabitant","00047500","645134"
"151","603","Nicobars","5917","Nancowry","645031","1","Kuitasuk","","Rural","Inhabitant","00037600","645031"
"152","603","Nicobars","5917","Nancowry","645061","1","Kulatapangia*","","Rural","Un-Inhabitant","00040600","645061"
"153","603","Nicobars","5917","Nancowry","645055","1","Kumikia*","","Rural","Un-Inhabitant","00040000","645055"
"154","603","Nicobars","5917","Nancowry","645078","1","Kupinga*","","Rural","Un-Inhabitant","00042300","645078"
"155","603","Nicobars","5917","Nancowry","645092","1","Lanuanga*","","Rural","Un-Inhabitant","00043300","645092"
"156","603","Nicobars","5917","Nancowry","645086","1","Lapat*","","Rural","Un-Inhabitant","00042700","645086"
"157","603","Nicobars","5917","Nancowry","645037","1","Luxi","","Rural","Inhabitant","00038200","645037"
"158","603","Nicobars","5917","Nancowry","645095","1","Malacca*","","Rural","Un-Inhabitant","00043600","645095"
"159","603","Nicobars","5917","Nancowry","645106","1","Manjula*","","Rural","Un-Inhabitant","00044700","645106"
"160","603","Nicobars","5917","Nancowry","645064","1","Mapayala*","","Rural","Un-Inhabitant","00040900","645064"
"161","603","Nicobars","5917","Nancowry","645112","1","Maru*","","Rural","Un-Inhabitant","00045300","645112"
"162","603","Nicobars","5917","Nancowry","645120","1","Masala Tapu*","","Rural","Un-Inhabitant","00046100","645120"
"163","603","Nicobars","5917","Nancowry","645049","1","Mavatapis/Maratapia*","","Rural","Un-Inhabitant","00039400","645049"
"164","603","Nicobars","5917","Nancowry","645081","1","Meenakshi Ram Nagar","","Rural","Inhabitant","","645081"
"165","603","Nicobars","5917","Nancowry","645079","1","Mildera","","Rural","Inhabitant","00042400","645079"
"166","603","Nicobars","5917","Nancowry","645041","1","Minyuk","","Rural","Inhabitant","00038600","645041"
"167","603","Nicobars","5917","Nancowry","645133","1","Mohreak/Kohreakap*","","Rural","Un-Inhabitant","00047400","645133"
"168","603","Nicobars","5917","Nancowry","645125","1","Munak Incl. Ponioo/Moul","","Rural","Inhabitant","00046600","645125"
"169","603","Nicobars","5917","Nancowry","645088","1","Mus*","","Rural","Un-Inhabitant","00042900","645088"
"170","603","Nicobars","5917","Nancowry","645090","1","Neang*","","Rural","Un-Inhabitant","00043100","645090"
"171","603","Nicobars","5917","Nancowry","645105","1","Neeche Tapu*","","Rural","Un-Inhabitant","00044600","645105"
"172","603","Nicobars","5917","Nancowry","645132","1","Nyicalang*","","Rural","Un-Inhabitant","00047300","645132"
"173","603","Nicobars","5917","Nancowry","645107","1","Okiya/Chiya*","","Rural","Un-Inhabitant","00044800","645107"
"174","603","Nicobars","5917","Nancowry","645108","1","Olinpon/Alhinpon*","","Rural","Un-Inhabitant","00044900","645108"
"175","603","Nicobars","5917","Nancowry","645058","1","Ongulongho*","","Rural","Un-Inhabitant","00040300","645058"
"176","603","Nicobars","5917","Nancowry","645089","1","Payak*","","Rural","Un-Inhabitant","00043000","645089"
"177","603","Nicobars","5917","Nancowry","645124","1","Payuha","","Rural","Inhabitant","00046500","645124"
"178","603","Nicobars","5917","Nancowry","645104","1","Pilpilow","","Rural","Inhabitant","00044500","645104"
"179","603","Nicobars","5917","Nancowry","645032","1","Raihion","","Rural","Inhabitant","00037700","645032"
"180","603","Nicobars","5917","Nancowry","645126","1","Ramzoo*(Ramjaw)","","Rural","Inhabitant","00046700","645126"
"181","603","Nicobars","5917","Nancowry","645070","1","Reakomlong*","","Rural","Un-Inhabitant","00041500","645070"
"182","603","Nicobars","5917","Nancowry","645135","1","Safedbalu*","","Rural","Un-Inhabitant","00047600","645135"
"183","603","Nicobars","5917","Nancowry","645040","1","Safedbalu*","","Rural","Inhabitant","00038500","645040"
"184","603","Nicobars","5917","Nancowry","645051","1","Sanaya*","","Rural","Un-Inhabitant","00039600","645051"
"185","603","Nicobars","5917","Nancowry","645071","1","Sonomkuwa*","","Rural","Un-Inhabitant","00041600","645071"
"186","603","Nicobars","5917","Nancowry","645028","1","Tahaila","","Rural","Inhabitant","00037300","645028"
"187","603","Nicobars","5917","Nancowry","645114","1","Tanae*","","Rural","Un-Inhabitant","00045500","645114"
"188","603","Nicobars","5917","Nancowry","645067","1","Tani*","","Rural","Un-Inhabitant","00041200","645067"
"189","603","Nicobars","5917","Nancowry","645098","1","Tapani/Tapainy*","","Rural","Inhabitant","00043900","645098"
"190","603","Nicobars","5917","Nancowry","645138","1","Tapiang*","","Rural","Un-Inhabitant","00047900","645138"
"191","603","Nicobars","5917","Nancowry","645091","1","Tapong Incl. Kabila","","Rural","Inhabitant","00043200","645091"
"192","603","Nicobars","5917","Nancowry","645072","1","Tavinkin/Tavakin*","","Rural","Un-Inhabitant","00041700","645072"
"193","603","Nicobars","5917","Nancowry","645033","1","Tillang Chong Island*","","Rural","Un-Inhabitant","00037800","645033"
"194","603","Nicobars","5917","Nancowry","645118","1","Tomae/Inmae*","","Rural","Un-Inhabitant","00045900","645118"
"195","603","Nicobars","5917","Nancowry","645137","1","Trinket*","","Rural","Un-Inhabitant","00047800","645137"
"196","603","Nicobars","5917","Nancowry","645103","1","Uper Tapu*","","Rural","Un-Inhabitant","00044400","645103"
"197","603","Nicobars","5917","Nancowry","645080","1","Upper Katchal","","Rural","Inhabitant","","645080"
"198","603","Nicobars","5917","Nancowry","645130","1","Vikas Nagar","","Rural","Inhabitant","00047100","645130"
"199","603","Nicobars","5917","Nancowry","645062","1","Vyavtapu*","","Rural","Un-Inhabitant","00040700","645062"
"200","603","Nicobars","5917","Nancowry","645084","1","W.B.Katchal/Hindra*","","Rural","Un-Inhabitant","00042500","645084"
"201","632","North And Middle Andaman","5919","Diglipur","645280","1","Aam Tikry (Fdca)","","Rural","Un-Inhabitant","00006600","645280"
"202","632","North And Middle Andaman","5919","Diglipur","645227","1","Aerial Bay (Rv)","","Rural","Inhabitant","00003700","645227"
"203","632","North And Middle Andaman","5919","Diglipur","645253","1","Amber Chad (Efa)","","Rural","Un-Inhabitant","00001200","645253"
"204","632","North And Middle Andaman","5919","Diglipur","645282","1","Austin Creek (Fdca)","","Rural","Un-Inhabitant","00006900","645282"
"205","632","North And Middle Andaman","5919","Diglipur","645287","1","Austin II (Efa)","","Rural","Un-Inhabitant","00007500","645287"
"206","632","North And Middle Andaman","5919","Diglipur","645285","1","Austin IX (Fc)","","Rural","Un-Inhabitant","00007200","645285"
"207","632","North And Middle Andaman","5919","Diglipur","645269","1","Bali Nallaha (Efa)","","Rural","Un-Inhabitant","00005000","645269"
"208","632","North And Middle Andaman","5919","Diglipur","645270","3","Bamboo Nallaha (Efa)","","Rural","Un-Inhabitant","00005100","645270"
"209","632","North And Middle Andaman","5919","Diglipur","645284","3","Bamboo Nallaha (Efa)","","Rural","Un-Inhabitant","00007100","645284"
"210","632","North And Middle Andaman","5919","Diglipur","645249","1","Bandhan Nallaha (Efa)","","Rural","Un-Inhabitant","00000700","645249"
"211","632","North And Middle Andaman","5919","Diglipur","645277","1","Bara Dabla (Efa)","","Rural","Un-Inhabitant","00006300","645277"
"212","632","North And Middle Andaman","5919","Diglipur","645267","1","Baskata Nallaha (Efa)","","Rural","Un-Inhabitant","00004800","645267"
"213","632","North And Middle Andaman","5919","Diglipur","645247","1","Beach Dera (Efa)","","Rural","Un-Inhabitant","00000500","645247"
"214","632","North And Middle Andaman","5919","Diglipur","645240","1","Borang (Rv)","","Rural","Un-Inhabitant","00006700","645240"
"215","632","North And Middle Andaman","5919","Diglipur","645258","1","Burmachad (Efa)","","Rural","Un-Inhabitant","00001800","645258"
"216","632","North And Middle Andaman","5919","Diglipur","645248","1","Coffe Dera (Efa)","","Rural","Un-Inhabitant","00000600","645248"
"217","632","North And Middle Andaman","5919","Diglipur","645290","1","Curlew Island (Fcpa)","","Rural","Un-Inhabitant","00007900","645290"
"218","632","North And Middle Andaman","5919","Diglipur","645217","1","Deshbandhugram (Rv)","","Rural","Inhabitant","00002400","645217"
"219","632","North And Middle Andaman","5919","Diglipur","645223","2","Diglipur Part-Ii","","Rural","Inhabitant","00003300","645223"
"220","632","North And Middle Andaman","5919","Diglipur","645228","1","Durgapur (Rv)","","Rural","Inhabitant","00003800","645228"
"221","632","North And Middle Andaman","5919","Diglipur","645243","1","East Island (Police Post & Light House)","","Rural","Un-Inhabitant","00000100","645243"
"222","632","North And Middle Andaman","5919","Diglipur","645246","1","Elezabeth Bay (Efa)","","Rural","Un-Inhabitant","00000400","645246"
"223","632","North And Middle Andaman","5919","Diglipur","645255","2","Gandhi Nagar","","Rural","Inhabitant","00001400","645255"
"224","632","North And Middle Andaman","5919","Diglipur","645256","1","Gandhi Nagar (Forest Beat)","","Rural","Un-Inhabitant","00001500","645256"
"225","632","North And Middle Andaman","5919","Diglipur","645252","2","Ganesh Nagar","","Rural","Inhabitant","00001100","645252"
"226","632","North And Middle Andaman","5919","Diglipur","645281","1","Ganna Dabla (Efa)","","Rural","Un-Inhabitant","00006800","645281"
"227","632","North And Middle Andaman","5919","Diglipur","645272","1","Ganna Level (Efa)","","Rural","Un-Inhabitant","00005300","645272"
"228","632","North And Middle Andaman","5919","Diglipur","645259","1","Haran Nallaha (Efa)","","Rural","Un-Inhabitant","00002100","645259"
"229","632","North And Middle Andaman","5919","Diglipur","645286","1","Hara Tikry (Efa)","","Rural","Un-Inhabitant","00007300","645286"
"230","632","North And Middle Andaman","5919","Diglipur","645250","1","Haridas Kattai (Efa)","","Rural","Un-Inhabitant","00000800","645250"
"231","632","North And Middle Andaman","5919","Diglipur","645278","1","Hoari Bay (Efa)","","Rural","Un-Inhabitant","00006400","645278"
"232","632","North And Middle Andaman","5919","Diglipur","645238","1","Jagannath Dera (Rv)","","Rural","Inhabitant","00005800","645238"
"233","632","North And Middle Andaman","5919","Diglipur","645237","1","Kalighat (Rv)","","Rural","Inhabitant","00005700","645237"
"234","632","North And Middle Andaman","5919","Diglipur","645230","1","Kalipur (Rv)","","Rural","Inhabitant","00004000","645230"
"235","632","North And Middle Andaman","5919","Diglipur","645245","1","Karen Basti (Efa)","","Rural","Un-Inhabitant","00000300","645245"
"236","632","North And Middle Andaman","5919","Diglipur","645226","1","Keralapuram (Rv)","","Rural","Inhabitant","00003600","645226"
"237","632","North And Middle Andaman","5919","Diglipur","645264","1","Khudirampur (Efa)","","Rural","Un-Inhabitant","00004200","645264"
"238","632","North And Middle Andaman","5919","Diglipur","645231","1","Khudirampur (Rv)","","Rural","Inhabitant","00004100","645231"
"239","632","North And Middle Andaman","5919","Diglipur","645234","1","Kishori Nagar (Rv)","","Rural","Inhabitant","00004700","645234"
"240","632","North And Middle Andaman","5919","Diglipur","645219","1","Krishnapuri (Rv)","","Rural","Inhabitant","00002600","645219"
"241","632","North And Middle Andaman","5919","Diglipur","645265","1","Lamiya Bay (Efa)","","Rural","Un-Inhabitant","00004300","645265"
"242","632","North And Middle Andaman","5919","Diglipur","645266","1","Lamiya Bay (Wls)","","Rural","Un-Inhabitant","00004400","645266"
"243","632","North And Middle Andaman","5919","Diglipur","645292","1","Land Fall Island (Police Post)","","Rural","Un-Inhabitant","","645292"
"244","632","North And Middle Andaman","5919","Diglipur","645260","1","Laxmipur (Efa)","","Rural","Un-Inhabitant","00002200","645260"
"245","632","North And Middle Andaman","5919","Diglipur","645216","1","Laxmipur (Rv)","","Rural","Inhabitant","00002300","645216"
"246","632","North And Middle Andaman","5919","Diglipur","645218","1","Madhupur (Rv)","","Rural","Inhabitant","00002500","645218"
"247","632","North And Middle Andaman","5919","Diglipur","645235","1","Madhyamgram (Rv)","","Rural","Inhabitant","00005400","645235"
"248","632","North And Middle Andaman","5919","Diglipur","645215","1","Milangram (Rv)","","Rural","Inhabitant","00002000","645215"
"249","632","North And Middle Andaman","5919","Diglipur","645241","1","Mohanpur (Rv)","","Rural","Inhabitant","00007400","645241"
"250","632","North And Middle Andaman","5919","Diglipur","645268","1","Mutha Nallaha (Efa)","","Rural","Un-Inhabitant","00004900","645268"
"251","632","North And Middle Andaman","5919","Diglipur","645232","1","Nabagram (Rv)","","Rural","Inhabitant","00004500","645232"
"252","632","North And Middle Andaman","5919","Diglipur","645273","1","Narayan Tikri (Efa)","","Rural","Un-Inhabitant","00005600","645273"
"253","632","North And Middle Andaman","5919","Diglipur","645244","1","Narcondam Island (Police Post)","","Rural","Un-Inhabitant","00000200","645244"
"254","632","North And Middle Andaman","5919","Diglipur","645275","1","Narkul Danga (Efa)","","Rural","Un-Inhabitant","00006100","645275"
"255","632","North And Middle Andaman","5919","Diglipur","645236","1","Nischintapur (Rv)","","Rural","Inhabitant","00005500","645236"
"256","632","North And Middle Andaman","5919","Diglipur","645233","1","Paranghara (Rv)","","Rural","Inhabitant","00004600","645233"
"257","632","North And Middle Andaman","5919","Diglipur","645261","1","Paschimsagar (Efa)","","Rural","Inhabitant","00002700","645261"
"258","632","North And Middle Andaman","5919","Diglipur","645276","1","Pathi Level (Efa)","","Rural","Un-Inhabitant","00006200","645276"
"259","632","North And Middle Andaman","5919","Diglipur","645274","1","Pemaiahdera (Fdca)","","Rural","Un-Inhabitant","00006000","645274"
"260","632","North And Middle Andaman","5919","Diglipur","645279","1","Pilone Nallaha (Fdca)","","Rural","Un-Inhabitant","00006500","645279"
"261","632","North And Middle Andaman","5919","Diglipur","645221","1","Rabindrapalli (Rv)","","Rural","Inhabitant","00003100","645221"
"262","632","North And Middle Andaman","5919","Diglipur","645257","1","Radha Nagar (Efa)","","Rural","Un-Inhabitant","00001700","645257"
"263","632","North And Middle Andaman","5919","Diglipur","645213","1","Radha Nagar (Rv)","","Rural","Inhabitant","00001600","645213"
"264","632","North And Middle Andaman","5919","Diglipur","645283","1","Rahil (Fdca)","","Rural","Un-Inhabitant","00007000","645283"
"265","632","North And Middle Andaman","5919","Diglipur","645224","1","Ramakrishnagram (Rv)","","Rural","Inhabitant","00003400","645224"
"266","632","North And Middle Andaman","5919","Diglipur","645239","1","Ramnagar (Rv)","","Rural","Inhabitant","00005900","645239"
"267","632","North And Middle Andaman","5919","Diglipur","645242","1","Sagar Dweep (Rv)","","Rural","Inhabitant","00007700","645242"
"268","632","North And Middle Andaman","5919","Diglipur","645254","2","Santi Nagar","","Rural","Inhabitant","00001300","645254"
"269","632","North And Middle Andaman","5919","Diglipur","645229","1","Shibpur (Rv)","","Rural","Inhabitant","00003900","645229"
"270","632","North And Middle Andaman","5919","Diglipur","645251","2","Shyam Nagar","","Rural","Un-Inhabitant","00000900","645251"
"271","632","North And Middle Andaman","5919","Diglipur","645212","1","Shyam Nagar (Rv)","","Rural","Inhabitant","00001000","645212"
"272","632","North And Middle Andaman","5919","Diglipur","645263","1","Sitanagar, (Efa)","","Rural","Un-Inhabitant","00002900","645263"
"273","632","North And Middle Andaman","5919","Diglipur","645220","1","Sitanagar (Rv)","","Rural","Inhabitant","00003000","645220"
"274","632","North And Middle Andaman","5919","Diglipur","645288","1","Smith (Efa)","","Rural","Un-Inhabitant","00007600","645288"
"275","632","North And Middle Andaman","5919","Diglipur","645289","1","Smith (Timber Export Depot)","","Rural","Un-Inhabitant","00007800","645289"
"276","632","North And Middle Andaman","5919","Diglipur","645271","1","Srinagar (Efa)","","Rural","Un-Inhabitant","00005200","645271"
"277","632","North And Middle Andaman","5919","Diglipur","645291","1","Stewart Island","","Rural","Un-Inhabitant","00008000","645291"
"278","632","North And Middle Andaman","5919","Diglipur","645222","1","Subhashgram (Rv)","","Rural","Inhabitant","00003200","645222"
"279","632","North And Middle Andaman","5919","Diglipur","645214","1","Swarajgram (Rv)","","Rural","Inhabitant","00001900","645214"
"280","632","North And Middle Andaman","5919","Diglipur","645262","1","Tal Bagan (Efa)","","Rural","Inhabitant","00002800","645262"
"281","632","North And Middle Andaman","5919","Diglipur","645225","1","Vidyasagarpalli (Rv)","","Rural","Inhabitant","00003500","645225"
"282","632","North And Middle Andaman","5920","Mayabunder","645338","1","Asha Nagar (Efa)","","Rural","Un-Inhabitant","00011500","645338"
"283","632","North And Middle Andaman","5920","Mayabunder","645293","1","Aves Island (Rv)","","Rural","Un-Inhabitant","00008300","645293"
"284","632","North And Middle Andaman","5920","Mayabunder","645337","1","Bajato (Efa & 40 Acre Plot)","","Rural","Un-Inhabitant","00011400","645337"
"285","632","North And Middle Andaman","5920","Mayabunder","645324","1","Bamboo Nallaha (Efa)","","Rural","Un-Inhabitant","00009500","645324"
"286","632","North And Middle Andaman","5920","Mayabunder","645308","1","Basantipur (Rv)","","Rural","Inhabitant","00011900","645308"
"287","632","North And Middle Andaman","5920","Mayabunder","645339","1","Birsa Nagar (Efa)","","Rural","Un-Inhabitant","00011600","645339"
"288","632","North And Middle Andaman","5920","Mayabunder","645325","1","Buddha Nallaha (Efa)","","Rural","Un-Inhabitant","00009800","645325"
"289","632","North And Middle Andaman","5920","Mayabunder","645336","1","Chainpur (Efa)","","Rural","Un-Inhabitant","00011200","645336"
"290","632","North And Middle Andaman","5920","Mayabunder","645306","1","Chainpur (Rv)","","Rural","Inhabitant","00011100","645306"
"291","632","North And Middle Andaman","5920","Mayabunder","645330","1","Chappa Nali (Efa)","","Rural","Un-Inhabitant","00010400","645330"
"292","632","North And Middle Andaman","5920","Mayabunder","645326","1","Chuglum Gum (Efa)","","Rural","Un-Inhabitant","00010000","645326"
"293","632","North And Middle Andaman","5920","Mayabunder","645296","1","Danpur (Rv)","","Rural","Inhabitant","00008600","645296"
"294","632","North And Middle Andaman","5920","Mayabunder","645301","1","Devpur (Rv)","","Rural","Inhabitant","00009400","645301"
"295","632","North And Middle Andaman","5920","Mayabunder","645316","1","Dukennagar (Rv)","","Rural","Inhabitant","00012800","645316"
"296","632","North And Middle Andaman","5920","Mayabunder","645332","1","Ganesh Nagar I & II (Efa)","","Rural","Un-Inhabitant","00010600","645332"
"297","632","North And Middle Andaman","5920","Mayabunder","645333","1","Ganeshpur (Efa)","","Rural","Un-Inhabitant","00010800","645333"
"298","632","North And Middle Andaman","5920","Mayabunder","645329","1","Gora Tikry (Efa)","","Rural","Un-Inhabitant","00010300","645329"
"299","632","North And Middle Andaman","5920","Mayabunder","645310","1","Govindpur (Rv)","","Rural","Inhabitant","00012100","645310"
"300","632","North And Middle Andaman","5920","Mayabunder","645305","1","Hanspuri (Rv) (Including Jpp Camps)","","Rural","Inhabitant","00010700","645305"
"301","632","North And Middle Andaman","5920","Mayabunder","645315","1","Harinagar (Rv)","","Rural","Inhabitant","00012600","645315"
"302","632","North And Middle Andaman","5920","Mayabunder","645320","1","Interview Island (Po)","","Rural","Un-Inhabitant","00008200","645320"
"303","632","North And Middle Andaman","5920","Mayabunder","645319","1","Interview Island (Wls)","","Rural","Un-Inhabitant","00008100","645319"
"304","632","North And Middle Andaman","5920","Mayabunder","645313","1","Jaipur (Rv)","","Rural","Inhabitant","00012400","645313"
"305","632","North And Middle Andaman","5920","Mayabunder","645312","1","Kamalapur (Rv)","","Rural","Inhabitant","00012300","645312"
"306","632","North And Middle Andaman","5920","Mayabunder","645340","1","Kanchi Nallaha (Efa) & Bamboo Nallaha (Efa)","","Rural","Un-Inhabitant","00011700","645340"
"307","632","North And Middle Andaman","5920","Mayabunder","645328","1","Karanch Khari (Efa)","","Rural","Un-Inhabitant","00010200","645328"
"308","632","North And Middle Andaman","5920","Mayabunder","645321","1","Karmatang IX (Efa)","","Rural","Inhabitant","00008900","645321"
"309","632","North And Middle Andaman","5920","Mayabunder","645298","1","Karmatang (Rv)","","Rural","Inhabitant","00008800","645298"
"310","632","North And Middle Andaman","5920","Mayabunder","645322","1","Karmatang X (Efa) Incl.Bihari Plot (Efa)","","Rural","Un-Inhabitant","00009000","645322"
"311","632","North And Middle Andaman","5920","Mayabunder","645331","1","Khukari Tabla (Efa)","","Rural","Un-Inhabitant","00010500","645331"
"312","632","North And Middle Andaman","5920","Mayabunder","645300","1","Lataw (Rv)","","Rural","Inhabitant","00009300","645300"
"313","632","North And Middle Andaman","5920","Mayabunder","645342","1","Lauki Nallaha (Efa)","","Rural","Un-Inhabitant","00012700","645342"
"314","632","North And Middle Andaman","5920","Mayabunder","645299","1","Lucknow (Rv)","","Rural","Inhabitant","00009200","645299"
"315","632","North And Middle Andaman","5920","Mayabunder","645334","1","Luis-In-Let-Bay (Jppc)","","Rural","Un-Inhabitant","00010900","645334"
"316","632","North And Middle Andaman","5920","Mayabunder","645294","1","Mayabunder (Rv)","","Rural","Inhabitant","00008400","645294"
"317","632","North And Middle Andaman","5920","Mayabunder","645303","1","Pahalgaon (Rv)","","Rural","Inhabitant","00009700","645303"
"318","632","North And Middle Andaman","5920","Mayabunder","645323","1","Paiket Bay (Efa)","","Rural","Un-Inhabitant","00009100","645323"
"319","632","North And Middle Andaman","5920","Mayabunder","645311","1","Paresh Nagar (Rv)","","Rural","Inhabitant","00012200","645311"
"320","632","North And Middle Andaman","5920","Mayabunder","645341","1","Pather Tikry (Efa)","","Rural","Un-Inhabitant","00011800","645341"
"321","632","North And Middle Andaman","5920","Mayabunder","645314","1","Pinakinagar (Rv)","","Rural","Inhabitant","00012500","645314"
"322","632","North And Middle Andaman","5920","Mayabunder","645295","1","Pokadera (Rv)","","Rural","Inhabitant","00008500","645295"
"323","632","North And Middle Andaman","5920","Mayabunder","645309","1","Profullya Nagar (Rv)","","Rural","Inhabitant","00012000","645309"
"324","632","North And Middle Andaman","5920","Mayabunder","645307","1","Pudumadurai (Rv)","","Rural","Inhabitant","00011300","645307"
"325","632","North And Middle Andaman","5920","Mayabunder","645297","1","Rampur (Rv)","","Rural","Inhabitant","00008700","645297"
"326","632","North And Middle Andaman","5920","Mayabunder","645317","1","Santipur (Rv)","","Rural","Inhabitant","00012900","645317"
"327","632","North And Middle Andaman","5920","Mayabunder","645335","1","Shippi Tikry (Efa)","","Rural","Un-Inhabitant","00011000","645335"
"328","632","North And Middle Andaman","5920","Mayabunder","645327","1","Sundari Khari (Efa)","","Rural","Un-Inhabitant","00010100","645327"
"329","632","North And Middle Andaman","5920","Mayabunder","645318","1","Swadesh Nagar (Rv)","","Rural","Inhabitant","00013000","645318"
"330","632","North And Middle Andaman","5920","Mayabunder","645304","1","Tugapur (Rv)","","Rural","Inhabitant","00009900","645304"
"331","632","North And Middle Andaman","5920","Mayabunder","645302","1","Webi (Rv)","","Rural","Inhabitant","00009600","645302"
"332","632","North And Middle Andaman","5921","Rangat","645380","1","Abaygarh (Rv)","","Rural","Inhabitant","00021700","645380"
"333","632","North And Middle Andaman","5921","Rangat","645374","1","Adojig (Rv) (Including Efa)","","Rural","Inhabitant","00020700","645374"
"334","632","North And Middle Andaman","5921","Rangat","645349","1","Amkunj (Rv)","","Rural","Inhabitant","00014300","645349"
"335","632","North And Middle Andaman","5921","Rangat","645439","2","Bakultala Rv","","Rural","Inhabitant","00015900","645439"
"336","632","North And Middle Andaman","5921","Rangat","645414","3","Bamboo Tikry (Jppc)","","Rural","Un-Inhabitant","00018900","645414"
"337","632","North And Middle Andaman","5921","Rangat","645367","1","Bangaon (Rv)","","Rural","Inhabitant","00017700","645367"
"338","632","North And Middle Andaman","5921","Rangat","645375","1","Bejoygarh (Rv)","","Rural","Inhabitant","00020800","645375"
"339","632","North And Middle Andaman","5921","Rangat","645418","1","Between Chotaligbang And Foul Bay (Ja)","","Rural","Un-Inhabitant","00019300","645418"
"340","632","North And Middle Andaman","5921","Rangat","645359","1","Bharatpur (Rv)","","Rural","Inhabitant","00015600","645359"
"341","632","North And Middle Andaman","5921","Rangat","645430","1","Bolcha (Efa)","","Rural","Un-Inhabitant","00021000","645430"
"342","632","North And Middle Andaman","5921","Rangat","645410","1","Boreham Valley (Fs)","","Rural","Un-Inhabitant","00018200","645410"
"343","632","North And Middle Andaman","5921","Rangat","645402","1","Boroinyol II (Fc)","","Rural","Un-Inhabitant","00017200","645402"
"344","632","North And Middle Andaman","5921","Rangat","645400","1","Charlungta (Fc)","","Rural","Un-Inhabitant","00016900","645400"
"345","632","North And Middle Andaman","5921","Rangat","645401","1","Charlungta II (Fc)","","Rural","Un-Inhabitant","00017000","645401"
"346","632","North And Middle Andaman","5921","Rangat","645419","1","Chotaligbang (Ja)","","Rural","Un-Inhabitant","00019400","645419"
"347","632","North And Middle Andaman","5921","Rangat","645386","1","Cutbert Bay (Efa)","","Rural","Un-Inhabitant","00013100","645386"
"348","632","North And Middle Andaman","5921","Rangat","645352","1","Desharatpur (Rv)","","Rural","Inhabitant","00014600","645352"
"349","632","North And Middle Andaman","5921","Rangat","645388","1","Dhani Nallaha (Efa)","","Rural","Un-Inhabitant","00013600","645388"
"350","632","North And Middle Andaman","5921","Rangat","645404","1","Dhani Nallaha (Ja)","","Rural","Un-Inhabitant","00017400","645404"
"351","632","North And Middle Andaman","5921","Rangat","645343","1","Dharmapur (Rv)","","Rural","Inhabitant","00013200","645343"
"352","632","North And Middle Andaman","5921","Rangat","645423","1","Elephenstone Harbour (Fc)","","Rural","Un-Inhabitant","00019900","645423"
"353","632","North And Middle Andaman","5921","Rangat","645411","1","Foster Valley (Efa)","","Rural","Un-Inhabitant","00018300","645411"
"354","632","North And Middle Andaman","5921","Rangat","645416","1","Foul Bay (Ja)","","Rural","Un-Inhabitant","00019100","645416"
"355","632","North And Middle Andaman","5921","Rangat","645394","1","Gol Pahar (Efa)","","Rural","Un-Inhabitant","00015500","645394"
"356","632","North And Middle Andaman","5921","Rangat","645351","1","Janakpur (Rv)","","Rural","Inhabitant","00014500","645351"
"357","632","North And Middle Andaman","5921","Rangat","645393","1","Japan Tikri (Efa)","","Rural","Un-Inhabitant","00015400","645393"
"358","632","North And Middle Andaman","5921","Rangat","645412","1","Jermyvalley(Fs)","","Rural","Un-Inhabitant","00018400","645412"
"359","632","North And Middle Andaman","5921","Rangat","645369","1","Kadamtala (Rv)","","Rural","Inhabitant","00018600","645369"
"360","632","North And Middle Andaman","5921","Rangat","645395","1","Kalsi (Jppc)","","Rural","Un-Inhabitant","00016300","645395"
"361","632","North And Middle Andaman","5921","Rangat","645399","1","Kalsi No. 3 (Jppc)","","Rural","Un-Inhabitant","00016700","645399"
"362","632","North And Middle Andaman","5921","Rangat","645398","1","Kalsi No. 4 (Jppc)","","Rural","Un-Inhabitant","00016600","645398"
"363","632","North And Middle Andaman","5921","Rangat","645397","1","Kalsi No. 6 (Jppc)","","Rural","Un-Inhabitant","00016500","645397"
"364","632","North And Middle Andaman","5921","Rangat","645364","1","Kalsi (Rv)","","Rural","Inhabitant","00016200","645364"
"365","632","North And Middle Andaman","5921","Rangat","645378","1","Kanchangarh (Rv)","","Rural","Inhabitant","00021400","645378"
"366","632","North And Middle Andaman","5921","Rangat","645365","1","Kaushalyanagar (Rv)","","Rural","Inhabitant","00016800","645365"
"367","632","North And Middle Andaman","5921","Rangat","645437","1","Khatta Khari (Efa)","","Rural","Un-Inhabitant","00022600","645437"
"368","632","North And Middle Andaman","5921","Rangat","645385","1","Khatta Khari (Rv)","","Rural","Inhabitant","00022500","645385"
"369","632","North And Middle Andaman","5921","Rangat","645417","1","Lakra Lungta (Ja)","","Rural","Un-Inhabitant","00019200","645417"
"370","632","North And Middle Andaman","5921","Rangat","645421","1","Lalajig Bay (Ac)","","Rural","Un-Inhabitant","00019600","645421"
"371","632","North And Middle Andaman","5921","Rangat","645362","1","Laxmanpur (Rv)","","Rural","Inhabitant","00016000","645362"
"372","632","North And Middle Andaman","5921","Rangat","645372","1","Long Island (Rv)","","Rural","Inhabitant","00019700","645372"
"373","632","North And Middle Andaman","5921","Rangat","645426","1","Lorrojig (Fc) & Vishnu Nallaha (Apwdc)","","Rural","Un-Inhabitant","00020300","645426"
"374","632","North And Middle Andaman","5921","Rangat","645409","1","Macarthy Valley (Efa)","","Rural","Un-Inhabitant","00018100","645409"
"375","632","North And Middle Andaman","5921","Rangat","645422","1","Merk Bay (Ac)","","Rural","Un-Inhabitant","00019800","645422"
"376","632","North And Middle Andaman","5921","Rangat","645433","1","Middle Strait (Jppc)","","Rural","Un-Inhabitant","00021600","645433"
"377","632","North And Middle Andaman","5921","Rangat","645354","1","Mithila (Rv)","","Rural","Inhabitant","00014800","645354"
"378","632","North And Middle Andaman","5921","Rangat","645382","1","Nayagarh (Rv)","","Rural","Inhabitant","00022000","645382"
"379","632","North And Middle Andaman","5921","Rangat","645431","1","Nilambur (Efa)","","Rural","Un-Inhabitant","00021100","645431"
"380","632","North And Middle Andaman","5921","Rangat","645379","1","Nilambur (Rv)","","Rural","Inhabitant","00021500","645379"
"381","632","North And Middle Andaman","5921","Rangat","645350","1","Nimbutala (Rv)","","Rural","Inhabitant","00014400","645350"
"382","632","North And Middle Andaman","5921","Rangat","645347","1","Padmanabhapuram (Rv)","","Rural","Inhabitant","00014000","645347"
"383","632","North And Middle Andaman","5921","Rangat","645391","1","Panchawati (Efa)","","Rural","Un-Inhabitant","00014200","645391"
"384","632","North And Middle Andaman","5921","Rangat","645348","1","Panchawati (Rv)","","Rural","Inhabitant","00014100","645348"
"385","632","North And Middle Andaman","5921","Rangat","645428","1","Papita Dera (Fc)","","Rural","Un-Inhabitant","00020500","645428"
"386","632","North And Middle Andaman","5921","Rangat","645392","1","Parnasala II (Fc)","","Rural","Un-Inhabitant","00015200","645392"
"387","632","North And Middle Andaman","5921","Rangat","645357","1","Parnasala (Rv)","","Rural","Inhabitant","00015100","645357"
"388","632","North And Middle Andaman","5921","Rangat","645424","1","Pawajig (Fc)","","Rural","Un-Inhabitant","00020100","645424"
"389","632","North And Middle Andaman","5921","Rangat","645425","1","Pawajig & Nayadera (Fc)","","Rural","Un-Inhabitant","00020200","645425"
"390","632","North And Middle Andaman","5921","Rangat","645420","1","Porlob Depot. (Fc)","","Rural","Un-Inhabitant","00019500","645420"
"391","632","North And Middle Andaman","5921","Rangat","645405","1","Porlobjig No.10 (Fc & Jppc)","","Rural","Un-Inhabitant","00017500","645405"
"392","632","North And Middle Andaman","5921","Rangat","645403","1","Porlobjig No. 15 (Fc, Apwdc & Jppc)","","Rural","Un-Inhabitant","00017300","645403"
"393","632","North And Middle Andaman","5921","Rangat","645413","1","Porlobjig No. 3 (Jppc, Apwdc & Anifpdc)","","Rural","Un-Inhabitant","00018500","645413"
"394","632","North And Middle Andaman","5921","Rangat","645406","1","Porlobjig No.9 (Jppc)","","Rural","Un-Inhabitant","00017600","645406"
"395","632","North And Middle Andaman","5921","Rangat","645434","1","Raglachang (Nayadera) (Fc)","","Rural","Un-Inhabitant","00021800","645434"
"396","632","North And Middle Andaman","5921","Rangat","645381","1","Raglachang (Rv)","","Rural","Inhabitant","00021900","645381"
"397","632","North And Middle Andaman","5921","Rangat","645435","1","Rajatgarh (Efa)","","Rural","Un-Inhabitant","00022200","645435"
"398","632","North And Middle Andaman","5921","Rangat","645383","1","Rajatgarh (Rv)","","Rural","Inhabitant","00022100","645383"
"399","632","North And Middle Andaman","5921","Rangat","645344","1","Ramachandra Nagar (Rv)","","Rural","Inhabitant","00013300","645344"
"400","632","North And Middle Andaman","5921","Rangat","645356","1","Rampur (Rv)","","Rural","Inhabitant","00015000","645356"
"401","632","North And Middle Andaman","5921","Rangat","645355","1","Rangat (Rv)","","Rural","Inhabitant","00014900","645355"
"402","632","North And Middle Andaman","5921","Rangat","645358","1","Sabari (Rv)","","Rural","Inhabitant","00015300","645358"
"403","632","North And Middle Andaman","5921","Rangat","645396","1","Sagwan Nallaha (Fc)","","Rural","Un-Inhabitant","00016400","645396"
"404","632","North And Middle Andaman","5921","Rangat","645366","1","Saktigarh (Rv)","","Rural","Inhabitant","00017100","645366"
"405","632","North And Middle Andaman","5921","Rangat","645429","1","Sanker Nallaha (Pwdc)","","Rural","Un-Inhabitant","00020600","645429"
"406","632","North And Middle Andaman","5921","Rangat","645370","1","Santanu (Rv)","","Rural","Inhabitant","00018700","645370"
"407","632","North And Middle Andaman","5921","Rangat","645427","1","Sastri Nallah (Fc)","","Rural","Un-Inhabitant","00020400","645427"
"408","632","North And Middle Andaman","5921","Rangat","645346","1","Shivapuram (Rv)","","Rural","Inhabitant","00013900","645346"
"409","632","North And Middle Andaman","5921","Rangat","645360","1","Shyamkund (Rv)","","Rural","Inhabitant","00015700","645360"
"410","632","North And Middle Andaman","5921","Rangat","645389","1","Sippi Tikry (Efa)","","Rural","Un-Inhabitant","00013700","645389"
"411","632","North And Middle Andaman","5921","Rangat","645353","1","Sitapur (Rv)","","Rural","Inhabitant","00014700","645353"
"412","632","North And Middle Andaman","5921","Rangat","645432","1","South Creek (Efa, Fc & Apwdc)","","Rural","Un-Inhabitant","00021200","645432"
"413","632","North And Middle Andaman","5921","Rangat","645438","1","Spike Island (Ja)","","Rural","Un-Inhabitant","00022700","645438"
"414","632","North And Middle Andaman","5921","Rangat","645373","1","Strait Island (As)","","Rural","Un-Inhabitant","00020000","645373"
"415","632","North And Middle Andaman","5921","Rangat","645390","1","Sukha Nallaha (Efa)","","Rural","Un-Inhabitant","00013800","645390"
"416","632","North And Middle Andaman","5921","Rangat","645377","1","Sundergarh (Rv) (Including Efa)","","Rural","Inhabitant","00021300","645377"
"417","632","North And Middle Andaman","5921","Rangat","645345","1","Thiruvanchikulam (Rv)","","Rural","Inhabitant","00013500","645345"
"418","632","North And Middle Andaman","5921","Rangat","645387","1","Thoraktang (Fc)","","Rural","Un-Inhabitant","00013400","645387"
"419","632","North And Middle Andaman","5921","Rangat","645376","1","Udhaygarh (Rv)","","Rural","Inhabitant","00020900","645376"
"420","632","North And Middle Andaman","5921","Rangat","645363","1","Urmilapur (Rv)","","Rural","Inhabitant","00016100","645363"
"421","632","North And Middle Andaman","5921","Rangat","645371","1","Uttara (Rv)","","Rural","Inhabitant","00018800","645371"
"422","632","North And Middle Andaman","5921","Rangat","645361","1","Vishnupur (Rv)","","Rural","Inhabitant","00015800","645361"
"423","632","North And Middle Andaman","5921","Rangat","645436","1","Wrafter'S Creek (Efa)","","Rural","Un-Inhabitant","00022400","645436"
"424","632","North And Middle Andaman","5921","Rangat","645384","1","Wrafter'S Creek (Rv)","","Rural","Inhabitant","00022300","645384"
"425","632","North And Middle Andaman","5921","Rangat","645415","1","Yeratiljig No. 10 (Jppc)","","Rural","Un-Inhabitant","00019000","645415"
"426","632","North And Middle Andaman","5921","Rangat","645408","1","Yeratiljig No. 11 (Jppc)","","Rural","Un-Inhabitant","00017900","645408"
"427","632","North And Middle Andaman","5921","Rangat","645407","1","Yeratiljig No. 9 (Jppc)","","Rural","Un-Inhabitant","00017800","645407"
"428","632","North And Middle Andaman","5921","Rangat","645368","1","Yeratiljig (Rv)","","Rural","Inhabitant","00018000","645368"
"429","602","South Andamans","5922","Ferrargunj","645448","1","Alipur (Rv)","","Rural","Inhabitant","00025000","645448"
"430","602","South Andamans","5922","Ferrargunj","645464","1","Aniket (Rv)","","Rural","Inhabitant","00027000","645464"
"431","602","South Andamans","5922","Ferrargunj","645507","1","Anjali Nallaha (Jppc)","","Rural","Un-Inhabitant","00026000","645507"
"432","602","South Andamans","5922","Ferrargunj","645478","1","Badmash Pahar (Rv)","","Rural","Inhabitant","00028500","645478"
"433","602","South Andamans","5922","Ferrargunj","645477","1","Balughat (Rv)","","Rural","Un-Inhabitant","00028400","645477"
"434","602","South Andamans","5922","Ferrargunj","645516","3","Bambooflat","","Rural","Inhabitant","40101000","645516"
"435","602","South Andamans","5922","Ferrargunj","645505","1","Beach Dera (Efa)","","Rural","Un-Inhabitant","00024900","645505"
"436","602","South Andamans","5922","Ferrargunj","645494","1","Between Middle Strait (Jppc) & Jirkatang (Ja)","","Rural","Un-Inhabitant","00023000","645494"
"437","602","South Andamans","5922","Ferrargunj","645459","1","Bindraban (Rv)","","Rural","Inhabitant","00026500","645459"
"438","602","South Andamans","5922","Ferrargunj","645465","1","Caddlegunj (Rv) (Incl. Sona Pahar & Hazari Bagh (Jppc)","","Rural","Inhabitant","00027100","645465"
"439","602","South Andamans","5922","Ferrargunj","645510","2","Chouldari(Lohabarrack)","","Rural","Inhabitant","00028300","645510"
"440","602","South Andamans","5922","Ferrargunj","645480","1","Chouldari (Rv)","","Rural","Inhabitant","00028700","645480"
"441","602","South Andamans","5922","Ferrargunj","645500","1","Coffee Plot","","Rural","Un-Inhabitant","00023800","645500"
"442","602","South Andamans","5922","Ferrargunj","645470","1","Colinpur (Rv)","","Rural","Inhabitant","00027600","645470"
"443","602","South Andamans","5922","Ferrargunj","645479","1","Craikabad (Rv)","","Rural","Inhabitant","00028600","645479"
"444","602","South Andamans","5922","Ferrargunj","645481","1","Dhanikhari (Rv)","","Rural","Inhabitant","00028800","645481"
"445","602","South Andamans","5922","Ferrargunj","645467","1","Dundas Point (Rv)","","Rural","Inhabitant","00027300","645467"
"446","602","South Andamans","5922","Ferrargunj","645458","1","Ferrargunj (Rv)","","Rural","Inhabitant","00026400","645458"
"447","602","South Andamans","5922","Ferrargunj","645491","1","Flat Bay (Rv)","","Rural","Un-Inhabitant","00030300","645491"
"448","602","South Andamans","5922","Ferrargunj","645452","1","Govindapuram (Rv)","","Rural","Inhabitant","00025400","645452"
"449","602","South Andamans","5922","Ferrargunj","645488","1","Guptapara (Rv)","","Rural","Inhabitant","00029900","645488"
"450","602","South Andamans","5922","Ferrargunj","645512","1","Hashmatabad (Efa)","","Rural","Un-Inhabitant","00029400","645512"
"451","602","South Andamans","5922","Ferrargunj","645485","1","Hashmatabad (Rv)","","Rural","Inhabitant","00029300","645485"
"452","602","South Andamans","5922","Ferrargunj","645457","1","Herbertabad (Rv)","","Rural","Inhabitant","00026300","645457"
"453","602","South Andamans","5922","Ferrargunj","645473","1","Hobdipur (Rv)","","Rural","Inhabitant","00027900","645473"
"454","602","South Andamans","5922","Ferrargunj","645482","1","Homfreygunj (Rv)","","Rural","Inhabitant","00028900","645482"
"455","602","South Andamans","5922","Ferrargunj","645461","1","Hope Town (Rv)","","Rural","Inhabitant","00026700","645461"
"456","602","South Andamans","5922","Ferrargunj","645504","1","Jhinga Nallaha (Jppc & Apwdc)","","Rural","Un-Inhabitant","00024800","645504"
"457","602","South Andamans","5922","Ferrargunj","645498","1","Jirkatang Camp No. 7 (Fc)","","Rural","Un-Inhabitant","00023500","645498"
"458","602","South Andamans","5922","Ferrargunj","645499","1","Jirkatang No.2 (Efa)","","Rural","Un-Inhabitant","00023600","645499"
"459","602","South Andamans","5922","Ferrargunj","645441","1","Jirkatang No. 2 (Rv)","","Rural","Inhabitant","00023700","645441"
"460","602","South Andamans","5922","Ferrargunj","645460","1","Kadakachang (Rv)","","Rural","Inhabitant","00026600","645460"
"461","602","South Andamans","5922","Ferrargunj","645442","1","Kalatang (Rv)","","Rural","Inhabitant","00024000","645442"
"462","602","South Andamans","5922","Ferrargunj","645453","1","Knapuram (Rv)","","Rural","Inhabitant","00025500","645453"
"463","602","South Andamans","5922","Ferrargunj","645444","1","Madhuban (Rv)","","Rural","Un-Inhabitant","00024200","645444"
"464","602","South Andamans","5922","Ferrargunj","645445","1","Malapuram (Rv)","","Rural","Inhabitant","00024300","645445"
"465","602","South Andamans","5922","Ferrargunj","645513","1","Manglutan (Efa)","","Rural","Un-Inhabitant","00029600","645513"
"466","602","South Andamans","5922","Ferrargunj","645486","1","Manglutan (Rv)","","Rural","Inhabitant","00029500","645486"
"467","602","South Andamans","5922","Ferrargunj","645489","1","Manjeri (Rv) & Line Dera (Fc)","","Rural","Inhabitant","00030000","645489"
"468","602","South Andamans","5922","Ferrargunj","645446","1","Mannarghat (Rv)","","Rural","Inhabitant","00024400","645446"
"469","602","South Andamans","5922","Ferrargunj","645471","1","Manpur (Rv)","","Rural","Inhabitant","00027700","645471"
"470","602","South Andamans","5922","Ferrargunj","645454","1","Mathura (Rv)","","Rural","Inhabitant","00025600","645454"
"471","602","South Andamans","5922","Ferrargunj","645511","1","Maymyo (Efa)","","Rural","Un-Inhabitant","00029100","645511"
"472","602","South Andamans","5922","Ferrargunj","645483","1","Maymyo (Rv)","","Rural","Inhabitant","00029000","645483"
"473","602","South Andamans","5922","Ferrargunj","645492","1","Middle Strait (Jppc)","","Rural","Un-Inhabitant","00022800","645492"
"474","602","South Andamans","5922","Ferrargunj","645502","1","Mile Tilek (Arf)","","Rural","Un-Inhabitant","00024500","645502"
"475","602","South Andamans","5922","Ferrargunj","645501","1","Mile Tilek (Jppc)","","Rural","Un-Inhabitant","00023900","645501"
"476","602","South Andamans","5922","Ferrargunj","645447","1","Mile Tilek (Rv) & Mile Tilek (Efa)","","Rural","Inhabitant","00024600","645447"
"477","602","South Andamans","5922","Ferrargunj","645468","1","Mithakhari (Rv)","","Rural","Inhabitant","00027400","645468"
"478","602","South Andamans","5922","Ferrargunj","645472","1","Mohwa Dera (Rv)","","Rural","Un-Inhabitant","00027800","645472"
"479","602","South Andamans","5922","Ferrargunj","645450","1","Mount Harriet (Rv)","","Rural","Un-Inhabitant","00025200","645450"
"480","602","South Andamans","5922","Ferrargunj","645497","1","Mrichi Dera (Efa)","","Rural","Un-Inhabitant","00023400","645497"
"481","602","South Andamans","5922","Ferrargunj","645475","1","Muslim Basti (Rv)","","Rural","Inhabitant","00028100","645475"
"482","602","South Andamans","5922","Ferrargunj","645466","1","Namunaghar (Rv)","","Rural","Inhabitant","00027200","645466"
"483","602","South Andamans","5922","Ferrargunj","645514","1","Nayashahar (Efa)","","Rural","Un-Inhabitant","00029800","645514"
"484","602","South Andamans","5922","Ferrargunj","645487","1","Nayashahar (Rv)","","Rural","Inhabitant","00029700","645487"
"485","602","South Andamans","5922","Ferrargunj","645462","1","North Bay (Rv)","","Rural","Inhabitant","00026800","645462"
"486","602","South Andamans","5922","Ferrargunj","645474","1","Ograbraij (Rv)","","Rural","Inhabitant","00028000","645474"
"487","602","South Andamans","5922","Ferrargunj","645515","1","Pongi Balu (Fc) & Bada Balu (Efa)","","Rural","Un-Inhabitant","00030100","645515"
"488","602","South Andamans","5922","Ferrargunj","645476","1","Port Mouat (Rv)","","Rural","Inhabitant","00028200","645476"
"489","602","South Andamans","5922","Ferrargunj","645493","1","Potatang (Fc)","","Rural","Un-Inhabitant","00022900","645493"
"490","602","South Andamans","5922","Ferrargunj","645495","1","Shoal Bay 17 (Fc)","","Rural","Un-Inhabitant","00023100","645495"
"491","602","South Andamans","5922","Ferrargunj","645496","1","Shoal Bay 19 (Fc)","","Rural","Un-Inhabitant","00023200","645496"
"492","602","South Andamans","5922","Ferrargunj","645440","1","Shoal Bay (Rv)","","Rural","Inhabitant","00023300","645440"
"493","602","South Andamans","5922","Ferrargunj","645463","1","Shore Point (Rv)","","Rural","Inhabitant","00026900","645463"
"494","602","South Andamans","5922","Ferrargunj","645451","1","Stewartgunj (Rv)","","Rural","Inhabitant","00025300","645451"
"495","602","South Andamans","5922","Ferrargunj","645455","1","Temple Myo (Rv)","","Rural","Inhabitant","00025700","645455"
"496","602","South Andamans","5922","Ferrargunj","645506","1","Tirur I (Jppc)","","Rural","Un-Inhabitant","00025900","645506"
"497","602","South Andamans","5922","Ferrargunj","645508","1","Tirur IV (Jppc)","","Rural","Un-Inhabitant","00026100","645508"
"498","602","South Andamans","5922","Ferrargunj","645509","1","Tirur (Ja)","","Rural","Un-Inhabitant","00026200","645509"
"499","602","South Andamans","5922","Ferrargunj","645503","1","Tirur (Jppc)","","Rural","Un-Inhabitant","00024700","645503"
"500","602","South Andamans","5922","Ferrargunj","645456","1","Tirur (Rv)","","Rural","Inhabitant","00025800","645456"
"501","602","South Andamans","5922","Ferrargunj","645469","1","Tusnabad (Rv)","","Rural","Inhabitant","00027500","645469"
"502","602","South Andamans","5922","Ferrargunj","645490","1","Viper Island (Rv)","","Rural","Un-Inhabitant","00030200","645490"
"503","602","South Andamans","5922","Ferrargunj","645484","1","Wandur (Rv)","","Rural","Inhabitant","00029200","645484"
"504","602","South Andamans","5922","Ferrargunj","645449","2","Wimberlygunj (Rv)","","Rural","Inhabitant","00025100","645449"
"505","602","South Andamans","5922","Ferrargunj","645443","1","Wright Myo (Rv)","","Rural","Inhabitant","00024100","645443"
"506","602","South Andamans","5924","Little Andaman","645570","1","Butler Bay Forest Camp 4-I (Fdca)","","Rural","Un-Inhabitant","00035100","645570"
"507","602","South Andamans","5924","Little Andaman","645569","1","Butler Bay Forest Camp 4-Ii (Fdca)","","Rural","Un-Inhabitant","00035000","645569"
"508","602","South Andamans","5924","Little Andaman","645566","1","Butler Bay Forest Camp 4-Iii (Fdca)","","Rural","Un-Inhabitant","00034600","645566"
"509","602","South Andamans","5924","Little Andaman","645567","1","Butler Bay Forest Camp 4-Iv (Fdca)","","Rural","Un-Inhabitant","00034700","645567"
"510","602","South Andamans","5924","Little Andaman","645552","1","Dugong Creek (Os)","","Rural","Un-Inhabitant","00033800","645552"
"511","602","South Andamans","5924","Little Andaman","645565","1","Forest Camp At 14 Km 5 - I (Fdca)","","Rural","Un-Inhabitant","00034500","645565"
"512","602","South Andamans","5924","Little Andaman","645564","1","Forest Camp At 14 Km. 5-Ii (Fdca)","","Rural","Un-Inhabitant","00034400","645564"
"513","602","South Andamans","5924","Little Andaman","645563","1","Forest Camp At 14 Km. 5-Iii (Fdca)","","Rural","Un-Inhabitant","00034300","645563"
"514","602","South Andamans","5924","Little Andaman","645562","1","Forest Camp At 19 Km. (Fdca)","","Rural","Un-Inhabitant","00034100","645562"
"515","602","South Andamans","5924","Little Andaman","645559","1","Harmender Bay (Ns)","","Rural","Un-Inhabitant","00035400","645559"
"516","602","South Andamans","5924","Little Andaman","645558","1","Hut Bay (Rv)","","Rural","Inhabitant","00035300","645558"
"517","602","South Andamans","5924","Little Andaman","645557","1","M/S Asia & Company (Asia Timber Product)","","Rural","Un-Inhabitant","00035200","645557"
"518","602","South Andamans","5924","Little Andaman","645556","1","Netaji Nagar (Rv)","","Rural","Inhabitant","00034900","645556"
"519","602","South Andamans","5924","Little Andaman","645554","1","Rabindra Nagar (Rv)","","Rural","Inhabitant","00034000","645554"
"520","602","South Andamans","5924","Little Andaman","645555","1","Ramakrishnapur (Rv)","","Rural","Inhabitant","00034200","645555"
"521","602","South Andamans","5924","Little Andaman","645568","1","Red Oil Palm (Nursery Camp)","","Rural","Un-Inhabitant","00034800","645568"
"522","602","South Andamans","5924","Little Andaman","645560","1","South Bay (Light House Camp)","","Rural","Un-Inhabitant","00035500","645560"
"523","602","South Andamans","5924","Little Andaman","645561","1","South Bay (Os)","","Rural","Un-Inhabitant","00035600","645561"
"524","602","South Andamans","5924","Little Andaman","645553","1","Vivekanandapuram (Rv)","","Rural","Inhabitant","00033900","645553"
"525","602","South Andamans","5923","Port Blair","645547","3","Bada Khari (Fc)","","Rural","Un-Inhabitant","00033500","645547"
"526","602","South Andamans","5923","Port Blair","645542","3","Bada Nallaha/Bada Balu (Efa)","","Rural","Un-Inhabitant","00032900","645542"
"527","602","South Andamans","5923","Port Blair","645546","3","Bamboo Nallaha(Efa) Incl. Kichad Nallaha(Efa)","","Rural","Un-Inhabitant","00033300","645546"
"528","602","South Andamans","5923","Port Blair","645537","1","Beadnabad (Rv)","","Rural","Inhabitant","00032600","645537"
"529","602","South Andamans","5923","Port Blair","645518","1","Bejoy Nagar (Rv)","","Rural","Inhabitant","00030600","645518"
"530","602","South Andamans","5923","Port Blair","645523","1","Bharatpur (Rv)","","Rural","Inhabitant","00031100","645523"
"531","602","South Andamans","5923","Port Blair","645535","1","Bimilitan (Rv) & Kodiyaghat","","Rural","Inhabitant","00032400","645535"
"532","602","South Andamans","5923","Port Blair","645532","4","Brichgunj (Rv)","","Urban","Inhabitant","00032000","645532"
"533","602","South Andamans","5923","Port Blair","645531","4","Brookshabad Part (Rv)","","Urban","Inhabitant","00031900","645531"
"534","602","South Andamans","5923","Port Blair","645536","2","Calicut (Rv)","","Rural","Inhabitant","00032500","645536"
"535","602","South Andamans","5923","Port Blair","645539","1","Chidiyatapu (Rv)","","Rural","Inhabitant","00032800","645539"
"536","602","South Andamans","5923","Port Blair","645543","3","Chidiyatapu (Wls)","","Rural","Un-Inhabitant","00033000","645543"
"537","602","South Andamans","5923","Port Blair","645549","3","Cinque Island (Wls)","","Rural","Un-Inhabitant","00033700","645549"
"538","602","South Andamans","5923","Port Blair","645529","4","Dollygunj (Rv)","","Urban","Inhabitant","00031700","645529"
"539","602","South Andamans","5923","Port Blair","645551","2","Garacharma (Ct)","","Urban","Inhabitant","40103000","645551"
"540","602","South Andamans","5923","Port Blair","645517","1","Govinda Nagar (Rv)","","Rural","Inhabitant","00030500","645517"
"541","602","South Andamans","5923","Port Blair","645541","3","John Lawrance (Fc)","","Rural","Un-Inhabitant","00030400","645541"
"542","602","South Andamans","5923","Port Blair","645520","1","Krishna Nagar (Rv)","","Rural","Inhabitant","00030800","645520"
"543","602","South Andamans","5923","Port Blair","645525","1","Lakshmanpur (Rv)","","Rural","Inhabitant","00031300","645525"
"544","602","South Andamans","5923","Port Blair","645530","2","Minnie Bay Part (Rv)","","Urban","Inhabitant","00031800","645530"
"545","602","South Andamans","5923","Port Blair","645544","3","Munda Pahar (Efa)","","Rural","Un-Inhabitant","00033100","645544"
"546","602","South Andamans","5923","Port Blair","645524","1","Neil Kendra (Rv)","","Rural","Inhabitant","00031200","645524"
"547","602","South Andamans","5923","Port Blair","645548","3","North Sentinel Island (Sa)","","Rural","Un-Inhabitant","00033600","645548"
"548","602","South Andamans","5923","Port Blair","645527","4","Pahargaon Part (Rv)","","Urban","Inhabitant","00031500","645527"
"549","602","South Andamans","5923","Port Blair","645550","4","Prothrapur (Ct)","","Urban","Inhabitant","00032100","645550"
"550","602","South Andamans","5923","Port Blair","645521","1","Radha Nagar (Rv)","","Rural","Inhabitant","00030900","645521"
"551","602","South Andamans","5923","Port Blair","645526","1","Ram Nagar (Rv)","","Rural","Inhabitant","00031400","645526"
"552","602","South Andamans","5923","Port Blair","645538","1","Rangachang (Rv)","","Rural","Inhabitant","00032700","645538"
"553","602","South Andamans","5923","Port Blair","645545","3","R.M.Point (Fc)","","Rural","Un-Inhabitant","00033200","645545"
"554","602","South Andamans","5923","Port Blair","645540","1","Rutland (Rv)","","Rural","Inhabitant","00033400","645540"
"555","602","South Andamans","5923","Port Blair","645528","2","School Line Part (Rv)","","Urban","Inhabitant","00031600","645528"
"556","602","South Andamans","5923","Port Blair","645519","1","Shyam Nagar (Rv)","","Rural","Inhabitant","00030700","645519"
"557","602","South Andamans","5923","Port Blair","645534","1","Sippighat (Rv)","","Rural","Inhabitant","00032300","645534"
"558","602","South Andamans","5923","Port Blair","645522","1","Sitapur (Rv)","","Rural","Inhabitant","00031000","645522"
"559","602","South Andamans","5923","Port Blair","645533","1","Teylorabad (Rv)","","Rural","Inhabitant","00032200","645533"